qid,query,true_b_pref_ratio,true_preference,llm_prediction,llm_decision,llm_score,confidence_raw,analysis,success
104861,cost of interior concrete flooring,0.7125,PRF-Benefit,Benefit,YES,0.9,,"Step 1 - Query Intent: The user is trying to find the cost associated with installing interior concrete flooring. This includes both material and labor costs, and possibly any additional expenses related to the process.

Step 2 - Result Quality: The top documents are generally relevant and provide useful information about the cost of interior concrete flooring. However, Document [3] seems to be off-topic, discussing the cost of interior doors instead of concrete flooring.

Step 3 - Topic Consistency: Most documents (1, 2, 4, 5) are consistent in discussing the cost of interior concrete flooring, including both material and labor costs. Document [3] introduces a different topic (interior doors), which could cause some topic drift.

Step 4 - PRF Impact: Expanding the query with terms from these documents could help by adding more specific terms related to concrete flooring costs, such as ""per square foot,"" ""material cost,"" ""labor cost,"" and ""commercial concrete floors."" However, the inclusion of terms from Document [3] (e.g., ""interior door"") could introduce noise and dilute the precision of the search results.

Step 5 - Final",True
130510,definition declaratory judgment,0.7142857142857143,PRF-Benefit,Benefit,YES,0.9,,"Step 1 - Query Intent: The user is trying to find a clear and concise definition of what a ""declaratory judgment"" is, likely in a legal context.

Step 2 - Result Quality: The top documents are highly relevant and provide detailed definitions of a declaratory judgment. They are consistent in their explanation, focusing on the nature of the judgment as a declaration of rights, duties, or obligations without ordering specific actions.

Step 3 - Topic Consistency: The documents share a coherent topic. All of them discuss the concept of a declaratory judgment within a legal framework, and there is no significant topic drift.

Step 4 - PRF Impact: Expanding the query with terms from these documents could help refine the search further. Terms like ""rights,"" ""duties,"" ""obligations,"" ""court,"" ""civil case,"" and ""legal determination"" are likely to appear in other relevant documents, potentially leading to more comprehensive and precise results.

Step 5 - Final",True
131843,definition of a sigmet,0.9615384615384616,PRF-Benefit,Benefit,YES,0.9,,"Step 1 - Query Intent: The user is trying to find the definition of ""SIGMET,"" which is a term used in aviation and meteorology to denote significant weather advisories.

Step 2 - Result Quality: The top four documents are highly relevant and provide clear definitions of SIGMET, including its purpose and types. The fifth document is a false match, defining a medical term ""sigmoid,"" but it has the lowest score among the top five.

Step 3 - Topic Consistency: The top four documents are consistent in their topic, focusing on the meteorological and aviation aspects of SIGMET. The fifth document introduces a different topic (medical), but it is not as prominent due to its lower score.

Step 4 - PRF Impact: Expanding the query with terms from the top four documents (e.g., ""significant meteorological information,"" ""weather advisory,"" ""safety of all aircraft,"" ""convective,"" ""non-convective"") will likely improve the relevance of the search results by reinforcing the correct context and filtering out irrelevant matches like the medical term ""sigmoid.""

Step 5 - Final",True
146187,difference between a mcdouble and a double cheeseburger,0.2285714285714285,PRF-Hurt,Benefit,YES,0.9,,"Step 1 - Query Intent: The user is trying to find the differences between a McDouble and a double cheeseburger, specifically focusing on the ingredients, taste, and possibly price.

Step 2 - Result Quality: The top documents are highly relevant and provide detailed information about the differences between the two burgers. They discuss aspects such as meat quality, cheese quantity, and other toppings.

Step 3 - Topic Consistency: The documents are consistent in their focus on comparing the McDouble and the double cheeseburger. There is no significant topic drift; all documents address the specific differences between the two burgers.

Step 4 - PRF Impact: Expanding with terms from these documents will likely reinforce the relevant aspects of the comparison, such as ""gristle,"" ""cheese quantity,"" ""patties,"" ""toppings,"" and ""price."" These terms will help retrieve more documents that provide similar detailed comparisons, enhancing the user's understanding of the differences.

Step 5 - Final",True
148538,difference between rn and bsn,0.7333333333333333,PRF-Benefit,Benefit,YES,0.9,,"Step 1 - Query Intent: The user is trying to understand the differences between an RN (Registered Nurse) and a BSN (Bachelor of Science in Nursing). They want to know how these two qualifications differ in terms of education, scope of practice, and potential career paths.

Step 2 - Result Quality: The top documents are highly relevant and provide clear, detailed information about the differences between RN and BSN. Each document explains the educational requirements, licensing, and potential career implications of each qualification.

Step 3 - Topic Consistency: The documents are consistent in their focus on the differences between RN and BSN. There is no significant topic drift; all documents address the same core question and provide similar information.

Step 4 - PRF Impact: Expanding the query with terms from these documents is likely to reinforce the relevant information. Terms such as ""registered nurse,"" ""bachelor of science in nursing,"" ""licensure,"" ""education,"" ""career paths,"" and ""scope of practice"" are common across the documents and would help refine the search to include more comprehensive and relevant results.

Step 5 - Final",True
156493,do goldfish grow,0.5277777777777778,Neutral,Benefit,YES,0.9,,"Step 1 - Query Intent: The user is trying to understand whether goldfish grow and what factors influence their growth. This includes understanding the relationship between the size of the enclosure, water quality, and other environmental factors.

Step 2 - Result Quality: The top documents are highly relevant and provide detailed information about goldfish growth. They discuss the impact of tank size, water quality, and living conditions on the growth of goldfish. The scores are close, indicating that all documents are of similar relevance and quality.

Step 3 - Topic Consistency: The documents share a coherent topic. They all address the growth of goldfish and the factors that affect it. There is no significant topic drift; all documents focus on the same core subject.

Step 4 - PRF Impact: Expanding the query with terms from these documents will likely help. Terms such as ""enclosure,"" ""water quality,"" ""tank size,"" ""genetics,"" and ""living conditions"" are common across the documents and are directly relevant to the user's query. These terms can help retrieve more comprehensive and specific information about goldfish growth.

Step 5 - Final",True
1037798,who is robert gray,0.9302325581395348,PRF-Benefit,Hurt,NO,0.4,,"Step 1 - Query Intent: The user is trying to find information about a person named Robert Gray. Given the nature of the query, they could be interested in any notable individual with this name, but the context suggests a preference for historical figures due to the higher scores of documents related to the historical Robert Gray.

Step 2 - Result Quality: The top documents are generally relevant, but there is a mix of different individuals named Robert Gray. The highest-scoring documents (1 and 2) provide information about the historical explorer Robert Gray, while the third document discusses a modern political figure. The fourth and fifth documents are about entirely different people (John Gray and George Gray).

Step 3 - Topic Consistency: There is a clear split in the topics covered by the top documents. The first two documents are about the historical explorer, while the third is about a modern politician. The last two documents are about different individuals altogether, which introduces significant topic drift.

Step 4 - PRF Impact: If PRF is applied, it will likely extract terms from all five documents. This could lead to a mix of terms related to exploration, politics, and other unrelated fields. While the terms from the top two documents (e.g., ""explorer,"" ""Columbia River,"" ""circumnavigate"") could strengthen the historical context, the inclusion of terms from the other documents (e.g., ""governor,"" ""Mississippi,"" ""game show host"") could dilute the focus and introduce irrelevant information.

Step 5 - Final",True
1063750,why did the us volunterilay enter ww1,0.2307692307692307,PRF-Hurt,Benefit,YES,0.9,,"Step 1 - Query Intent: The user is trying to understand the reasons why the United States voluntarily entered World War I. They are looking for specific causes and motivations that led to the U.S. involvement in the conflict.

Step 2 - Result Quality: The top documents vary in relevance and quality. Document [1] provides a clear and concise explanation using the M.A.I.N. acronym, which is a well-known framework for understanding the causes of WWI. Document [2] is irrelevant as it discusses the entry into WWII instead of WWI. Document [3] offers a detailed list of specific events that led to U.S. involvement in WWI. Document [4] is not directly relevant, discussing the VFW organization. Document [5] provides some context and questions related to U.S. entry into WWI but lacks the depth and specificity found in Document [3].

Step 3 - Topic Consistency: There is a mix of relevant and irrelevant documents. Documents [1] and [3] are highly relevant and provide specific reasons for U.S. entry into WWI. Document [5] is somewhat relevant but less focused. Documents [2] and [4] are off-topic and introduce noise.

Step 4 - PRF Impact: Expanding the query with terms from these documents could be beneficial if the system focuses on the relevant documents [1] and [3]. Terms like ""M.A.I.N."", ""Lusitania"", ""U-Boats"", ""Zimmerman Telegram"", and ""Russian Revolution"" could help refine the search and retrieve more relevant documents. However, including terms from the irrelevant documents [2] and [4] could introduce noise and dilute the precision of the results.

Step 5 - Final",True
1103812,who formed the commonwealth of independent states,0.3333333333333333,PRF-Hurt,Benefit,YES,0.9,,"Step 1 - Query Intent: The user is trying to find out who were the original founders or creators of the Commonwealth of Independent States (CIS).

Step 2 - Result Quality: The top documents are highly relevant and provide clear, consistent information about the formation of the CIS. They all mention the key countries involved (Russia, Belarus, and Ukraine) and the date of formation (December 8, 1991).

Step 3 - Topic Consistency: The documents share a coherent topic. They all discuss the establishment of the CIS and the key players involved. There is no significant topic drift or irrelevant information.

Step 4 - PRF Impact: Expanding the query with terms from these documents (e.g., ""Belarus,"" ""Russia,"" ""Ukraine,"" ""Belovezh Accords,"" ""December 8, 1991"") would likely reinforce the relevant information and help retrieve more documents that focus on the formation of the CIS. This could provide a more comprehensive understanding of the event and the context surrounding it.

Step 5 - Final",True
1106007,define visceral?,0.5714285714285714,Neutral,Benefit,YES,0.9,,"Step 1 - Query Intent: The user is trying to find the definition of the word ""visceral,"" which can have both general and medical connotations.

Step 2 - Result Quality: The top documents are highly relevant and provide clear definitions of the term ""visceral."" They cover both the general meaning (deep, instinctive) and the medical meaning (relating to internal organs).

Step 3 - Topic Consistency: The documents are consistent in their definitions, with multiple sources providing similar explanations. There is no significant topic drift; all documents focus on defining ""visceral"" in its various contexts.

Step 4 - PRF Impact: Expanding the query with terms from these documents (e.g., ""internal organs,"" ""instinctive,"" ""unreasoning"") would likely reinforce the existing high-quality results and potentially bring in more comprehensive or detailed explanations. Since the current results are already very relevant and consistent, PRF could help in finding additional useful information without introducing noise.

Step 5 - Final",True
1110199,what is wifi vs bluetooth,0.6296296296296297,PRF-Benefit,Benefit,YES,0.9,,"Step 1 - Query Intent: The user is trying to understand the differences between Wi-Fi and Bluetooth, including their respective uses, ranges, and other distinguishing features.

Step 2 - Result Quality: The top documents are highly relevant and provide detailed comparisons between Wi-Fi and Bluetooth. Each document offers specific aspects such as range, application, and ease of use, which are directly related to the user's query.

Step 3 - Topic Consistency: The documents share a coherent topic. They all discuss the differences between Wi-Fi and Bluetooth, focusing on their technical specifications and practical applications. There is no significant topic drift.

Step 4 - PRF Impact: Expanding with terms from these documents will likely help. Terms like ""range,"" ""application,"" ""client-server connection,"" ""wireless communication,"" ""radio signals,"" and ""version of Wi-Fi protocol"" are relevant and can enhance the search by finding more comprehensive and detailed comparisons. These terms are consistent with the user's intent to understand the differences between the two technologies.

Step 5 - Final",True
1112341,what is the daily life of thai people,0.1071428571428571,PRF-Hurt,Benefit,YES,0.9,,"Step 1 - Query Intent: The user is trying to understand the daily life of Thai people, including their customs, behaviors, and cultural practices.

Step 2 - Result Quality: The top documents are generally relevant and provide insights into various aspects of Thai daily life. Document 1 discusses the concept of ""JAI YEN"" (keeping one's temper), Document 2 focuses on the life of Thai monks, Document 3 talks about work habits, Document 4 highlights the importance of ""SANUK"" (having fun), and Document 5 reiterates the concept of ""JAI YEN.""

Step 3 - Topic Consistency: While the documents cover different aspects of Thai daily life, they all contribute to a broader understanding of Thai culture and behavior. There is no significant topic drift; each document provides a unique but relevant perspective.

Step 4 - PRF Impact: Expanding the query with terms from these documents could help capture a more comprehensive view of Thai daily life. Terms like ""JAI YEN,"" ""SANUK,"" ""Thai monk,"" and ""work habits"" could enrich the search results, providing a more nuanced and detailed understanding of the topic.

Step 5 - Final",True
1113437,what is physical description of spruce,0.5643564356435643,Neutral,Benefit,YES,0.9,,"Step 1 - Query Intent: The user is trying to find a detailed physical description of spruce trees, including characteristics such as appearance, size, and other physical attributes.

Step 2 - Result Quality: The top documents are highly relevant and provide comprehensive information about spruce trees. They describe various aspects of spruce, including its physical characteristics, growth patterns, and specific types like white spruce and spruce pine.

Step 3 - Topic Consistency: The documents share a coherent topic, focusing on the physical and biological aspects of spruce trees. There is no significant topic drift; all documents are about spruce trees and their properties.

Step 4 - PRF Impact: Expanding the query with terms from these documents will likely enhance the search results. Terms such as ""coniferous,"" ""evergreen,"" ""needles,"" ""cones,"" ""trunk diameter,"" and ""growth rate"" can help retrieve more detailed and relevant information about the physical description of spruce trees.

Step 5 - Final",True
1114646,what is famvir prescribed for,0.5686274509803921,Neutral,Hurt,NO,0.4,,"Step 1 - Query Intent: The user is trying to find out the specific medical conditions for which the drug Famvir (famciclovir) is prescribed. They want a clear and concise list of the uses of this medication.

Step 2 - Result Quality: The top documents are highly relevant and high-quality. Each document clearly lists the conditions for which Famvir is prescribed, including genital herpes, cold sores, shingles, and chickenpox. The scores are very close, indicating that all documents are providing similar and valuable information.

Step 3 - Topic Consistency: The documents are consistent in their topic. They all discuss the same set of medical conditions and provide detailed information about the uses of Famvir. There is no topic drift or irrelevant content.

Step 4 - PRF Impact: Given the high quality and consistency of the top documents, PRF is likely to introduce noise rather than enhance the search results. The current results already provide a comprehensive and accurate answer to the user's query. Expanding the query with additional terms from these documents could dilute the precision and introduce irrelevant information.

Step 5 - Final",True
1114819,what is durable medical equipment consist of,0.5,Neutral,Hurt,NO,0.4,,"Step 1 - Query Intent: The user is trying to find out what durable medical equipment (DME) consists of, specifically the types of items or categories included under this term.

Step 2 - Result Quality: The top documents are generally relevant and provide a consistent definition of DME. However, they do not explicitly list the specific items or categories that constitute DME. Document [5] provides a more detailed list of examples (walking aids, transfer equipment, bath safety, wheelchairs), which is closer to the user's intent.

Step 3 - Topic Consistency: The documents share a coherent topic, focusing on the definition and purpose of DME. There is no significant topic drift, but the information provided is somewhat repetitive and lacks the specific details the user is looking for.

Step 4 - PRF Impact: Expanding the query with terms from these documents might introduce more general terms related to the definition and purpose of DME (e.g., ""therapeutic benefits,"" ""medical conditions""). While these terms are relevant, they do not address the user's specific need to know what DME consists of. PRF could potentially dilute the focus on the specific items or categories of DME, making it harder to find the detailed information the user is seeking.

Step 5 - Final",True
1115776,what is an aml surveillance analyst,0.3529411764705882,PRF-Hurt,Benefit,YES,0.9,,"Step 1 - Query Intent: The user is trying to understand the role and responsibilities of an AML (Anti-Money Laundering) Surveillance Analyst. They want to know what this job entails, including tasks, qualifications, and possibly the work environment.

Step 2 - Result Quality: The top documents are highly relevant and provide detailed information about the role of an AML Surveillance Analyst. Each document describes different aspects of the job, such as monitoring suspicious transactions, implementing compliance procedures, and training new hires. The scores are close, indicating that all documents are of similar relevance and quality.

Step 3 - Topic Consistency: The documents share a coherent topic. They all discuss the responsibilities, duties, and requirements of an AML Surveillance Analyst. There is no significant topic drift; all documents are focused on the same domain of anti-money laundering and compliance.

Step 4 - PRF Impact: Expanding the query with terms from these documents will likely help. Terms like ""anti-money laundering,"" ""compliance,"" ""suspicious transactions,"" ""due diligence,"" and ""training"" are common across the documents and can enhance the search by finding more comprehensive and detailed descriptions of the role. These terms are specific to the field and will likely lead to more relevant results.

Step 5 - Final",True
1117099,what is a active margin,0.4912280701754385,Neutral,Benefit,YES,0.9,,"Step 1 - Query Intent: The user is trying to understand what an ""active margin"" is, specifically in the context of geology and tectonic plate boundaries.

Step 2 - Result Quality: The top documents are highly relevant and provide detailed definitions of active margins. They consistently describe active margins as tectonic plate boundaries where continental and oceanic crust interact, often resulting in geological activity like earthquakes and volcanoes.

Step 3 - Topic Consistency: The documents share a coherent topic. They all discuss active margins in the context of plate tectonics, providing similar definitions and examples. There is no significant topic drift.

Step 4 - PRF Impact: Expanding the query with terms from these documents (e.g., ""tectonic plate boundary,"" ""convergent plate boundary,"" ""continental crust,"" ""oceanic crust,"" ""earthquakes,"" ""volcanoes"") will likely enhance the search results by reinforcing the geological context and providing more specific and relevant information.

Step 5 - Final",True
1124210,tracheids are part of _____.,0.5131578947368421,Neutral,Benefit,YES,0.9,,"Step 1 - Query Intent: The user is trying to find out what part of a plant tracheids are a component of. Specifically, they want to know the larger structure or system that includes tracheids.

Step 2 - Result Quality: The top documents are highly relevant and of high quality. They all provide clear and consistent information about tracheids being part of the xylem, which is a component of the plant's vascular system.

Step 3 - Topic Consistency: The documents share a coherent topic. They all discuss tracheids in the context of the xylem and sometimes in comparison with other xylem components like vessel members. There is no significant topic drift.

Step 4 - PRF Impact: Expanding the query with terms from these documents (e.g., ""xylem,"" ""vascular system,"" ""vessel members"") would likely help refine the search further. These terms are directly related to the user's query and would enhance the relevance of additional results.

Step 5 - Final",True
1129237,hydrogen is a liquid below what temperature,0.525,Neutral,Hurt,NO,0.4,,"Step 1 - Query Intent: The user is trying to find the specific temperature below which hydrogen becomes a liquid. This is a straightforward scientific query seeking a precise numerical value.

Step 2 - Result Quality: The top documents are generally relevant and provide the information the user is looking for. However, some documents are more focused on providing the answer within a broader context (e.g., educational platforms, Q&A sites), while others directly state the temperature.

Step 3 - Topic Consistency: The documents are consistent in discussing the temperature at which hydrogen becomes a liquid. There is no significant topic drift; all documents address the same core question.

Step 4 - PRF Impact: Given the consistency in the topic and the relevance of the documents, PRF could potentially help by reinforcing the correct temperature and related terms (e.g., ""liquid,"" ""temperature,"" ""hydrogen""). However, since the user is looking for a specific numerical value, PRF might introduce noise if it includes irrelevant terms from the broader context provided in some documents (e.g., educational platform features, sign-up prompts).

Step 5 - Final",True
1133167,how is the weather in jamaica,0.4757281553398058,Neutral,Benefit,YES,0.9,,"Step 1 - Query Intent: The user is trying to find out about the weather conditions in Jamaica, specifically the temperature, precipitation, and general climate characteristics.

Step 2 - Result Quality: The top documents are highly relevant and provide detailed information about the weather in Jamaica. They consistently mention the average temperature, humidity, and seasonal variations, which directly address the user's query.

Step 3 - Topic Consistency: The documents share a coherent topic. They all discuss the tropical climate of Jamaica, including average temperatures, humidity levels, and seasonal patterns. There is no significant topic drift among the top results.

Step 4 - PRF Impact: Expanding the query with terms from these documents could help refine the search further. Terms like ""tropical,"" ""humid,"" ""warm,"" ""year-round,"" ""average temperature,"" and ""seasonal variations"" are likely to appear in more relevant documents, potentially leading to a more comprehensive set of results that better answer the user's query.

Step 5 - Final",True
19335,anthropological definition of environment,0.6181818181818182,PRF-Benefit,Hurt,NO,0.4,,"Step 1 - Query Intent: The user is seeking an anthropological definition of the term ""environment."" This implies they are looking for a definition that is specific to the field of anthropology, which may differ from general definitions.

Step 2 - Result Quality: The top documents appear to be relevant and high-quality. They provide definitions of ""environment"" that are broad and encompass various aspects of the surroundings, which align with the general concept of environment. However, none of the documents explicitly mention an anthropological perspective.

Step 3 - Topic Consistency: The documents share a coherent topic, focusing on defining ""environment"" in a broad sense. There is no significant topic drift among the top results. Each document discusses the environment in terms of surroundings, conditions, and impacts on living organisms.

Step 4 - PRF Impact: Expanding the query with terms from these documents could potentially introduce more general terms related to the environment, such as ""surroundings,"" ""conditions,"" ""growth,"" and ""development."" These terms are already present in the current results and do not specifically highlight the anthropological aspect. PRF might reinforce the general definition but fail to bring in the anthropological context that the user is seeking.

Step 5 - Final",True
47923,axon terminals or synaptic knob definition,0.4375,Neutral,Benefit,YES,0.9,,"Step 1 - Query Intent: The user is trying to find a definition or explanation of ""axon terminals"" or ""synaptic knob."" They are likely looking for a clear and concise description of what these structures are and their function in the nervous system.

Step 2 - Result Quality: The top documents are highly relevant and high-quality. Each document provides a detailed and accurate definition of axon terminals and synaptic knobs, using consistent terminology and explaining their role in neural communication.

Step 3 - Topic Consistency: The documents share a coherent topic. They all discuss the structure and function of axon terminals and synaptic knobs in the context of neuroscience. There is no significant topic drift or irrelevant information.

Step 4 - PRF Impact: Expanding the query with terms from these documents is likely to be beneficial. Terms such as ""axon endings,"" ""synaptic connections,"" ""neuron,"" ""nerve cell,"" ""synaptic vesicles,"" and ""neurotransmitters"" are common across the documents and would help refine the search to include more relevant and detailed information about the topic.

Step 5 - Final",True
87181,causes of left ventricular hypertrophy,0.4367816091954023,Neutral,Benefit,YES,0.9,,"Step 1 - Query Intent: The user is trying to find the causes of left ventricular hypertrophy, which involves understanding the factors that lead to the thickening of the heart's main pumping chamber.

Step 2 - Result Quality: The top documents are highly relevant and provide detailed information about the causes of left ventricular hypertrophy. They discuss various factors such as high blood pressure, underlying conditions, and genetic predispositions. The scores are close, indicating that all documents are of similar quality and relevance.

Step 3 - Topic Consistency: The documents share a coherent topic and consistently discuss the causes of left ventricular hypertrophy. There is no significant topic drift; all documents focus on the medical condition and its contributing factors.

Step 4 - PRF Impact: Expanding the query with terms from these documents will likely help. Terms like ""high blood pressure,"" ""hypertension,"" ""heart problems,"" ""genetic conditions,"" and ""hypertrophic cardiomyopathy"" are relevant and can enhance the search by finding more comprehensive and specific information about the causes of left ventricular hypertrophy.

Step 5 - Final",True
87452,causes of military suicide,0.3333333333333333,PRF-Hurt,Hurt,NO,0.4,,"Step 1 - Query Intent: The user is trying to find the underlying reasons or factors that contribute to military suicides. They want to understand the psychological, social, and environmental causes behind this phenomenon.

Step 2 - Result Quality: The top documents are relevant in that they discuss military suicides, but they primarily focus on the statistical aspect—how suicide rates compare to other causes of death in the military. None of the documents provide a detailed explanation of the actual causes (e.g., PTSD, mental health issues, stress).

Step 3 - Topic Consistency: The documents are consistent in their focus on the statistical prevalence of suicide in the military. However, they do not address the deeper, causal factors that the user is likely interested in. There is no significant topic drift, but there is a mismatch between the user's intent and the content provided.

Step 4 - PRF Impact: Expanding the query with terms from these documents (e.g., ""leading cause,"" ""deaths,"" ""military"") will likely reinforce the statistical focus rather than the causal one. This could lead to more documents that discuss the frequency of suicides without delving into the reasons behind them. PRF would not help in finding the specific information the user is looking for and might even dilute the relevance by bringing in more statistical data.

Step 5 - Final",True
168216,does legionella pneumophila cause pneumonia,0.4605263157894737,Neutral,Hurt,NO,0.4,,"Step 1 - Query Intent: The user is trying to determine if Legionella pneumophila causes pneumonia, specifically Legionnaires' disease.

Step 2 - Result Quality: The top documents are highly relevant and provide clear, consistent information. They all confirm that Legionella pneumophila is indeed the cause of Legionnaires' disease, which is a form of pneumonia.

Step 3 - Topic Consistency: The documents share a coherent topic. They all discuss Legionella pneumophila and its role in causing Legionnaires' disease, which is a specific type of pneumonia. There is no significant topic drift.

Step 4 - PRF Impact: Expanding with terms from these documents could help by reinforcing the connection between Legionella pneumophila and Legionnaires' disease. Terms like ""Legionnaires' disease,"" ""bacterial pneumonia,"" and ""Legionella pneumophila"" are likely to appear frequently and could improve the retrieval of more relevant documents. However, since the current results are already highly relevant and consistent, the potential benefit might be marginal.

Step 5 - Final",True
182539,example of monotonic function,0.5,Neutral,Hurt,NO,0.4,,"Step 1 - Query Intent: The user is trying to find an example of a monotonic function, likely to understand the concept better through concrete examples.

Step 2 - Result Quality: The top documents are generally relevant but vary in quality and focus. Document [1] provides a clear definition and explanation, which is highly relevant. Document [2] and [3] discuss the use of the `MONOTONIC` function in database programming, which is not directly related to the mathematical concept of monotonic functions. Document [4] discusses the application of monotonic functions in probability theory, which is relevant but more specific. Document [5] contrasts monotonic and non-monotonic functions, which is useful for understanding the concept.

Step 3 - Topic Consistency: There is some topic drift. While Document [1] and [5] are directly about the mathematical concept of monotonic functions, Documents [2] and [3] are about a programming function named `MONOTONIC`, which is unrelated. Document [4] is relevant but focuses on a specific application.

Step 4 - PRF Impact: Expanding the query with terms from these documents could introduce noise. Terms like ""sequence numbers,"" ""table rows,"" and ""programming problem"" from Documents [2] and [3] are not relevant to the user's intent. Terms from Document [4] might be useful but could narrow the focus too much to probability theory. Terms from Document [5] could help clarify the concept by contrasting it with non-monotonic functions.

Step 5 - Final",True
183378,exons definition biology,0.4946236559139785,Neutral,Benefit,YES,0.9,,"Step 1 - Query Intent: The user is trying to find a definition of exons in the context of biology, specifically how they function in genetic material and their role in the formation of mature RNA.

Step 2 - Result Quality: The top documents are highly relevant and provide clear, detailed definitions of exons. They all correctly describe exons as parts of genes that remain in the mature RNA after splicing, which aligns well with the user's query.

Step 3 - Topic Consistency: The documents are consistent in their topic, focusing on the biological definition and function of exons. There is no significant topic drift; all documents discuss exons in the context of genetics and molecular biology.

Step 4 - PRF Impact: Given the high relevance and consistency of the top documents, PRF is likely to extract useful terms such as ""gene,"" ""RNA,"" ""splicing,"" ""introns,"" and ""mature mRNA."" These terms can help refine the search and potentially find more comprehensive or detailed explanations of exons, which would be beneficial to the user.

Step 5 - Final",True
207786,how are some sharks warm blooded,0.5,Neutral,Benefit,YES,0.9,,"Step 1 - Query Intent: The user is trying to understand how some sharks can be warm-blooded, specifically the mechanisms or characteristics that allow certain sharks to maintain a higher body temperature compared to their environment.

Step 2 - Result Quality: The top documents are relevant and high-quality. They all address the concept of warm-blooded sharks, providing specific examples (Mako and Great White sharks) and explaining the term ""endotherms."" The documents also offer varying levels of detail, which can be useful for a comprehensive understanding.

Step 3 - Topic Consistency: The documents share a coherent topic. They all discuss the phenomenon of warm-blooded sharks and provide similar examples and explanations. There is no significant topic drift; all documents are focused on the biological aspects of shark thermoregulation.

Step 4 - PRF Impact: Expanding with terms from these documents will likely help. Terms such as ""endotherms,"" ""Mako,"" ""Great White,"" and ""thermoregulation"" can be used to refine the search and find more detailed and relevant information. These terms are directly related to the user's query and can enhance the retrieval of additional useful documents.

Step 5 - Final",True
264014,how long is life cycle of flea,0.4716981132075472,Neutral,Benefit,YES,0.9,,"Step 1 - Query Intent: The user is trying to find out the duration of the flea's life cycle, including the various stages and factors affecting it.

Step 2 - Result Quality: The top documents are highly relevant and provide detailed information about the flea life cycle. They cover the different stages (egg, larva, pupa, adult) and mention environmental factors that influence the duration.

Step 3 - Topic Consistency: The documents are consistent in their focus on the flea life cycle. They all discuss the same stages and factors, providing a coherent and unified set of information.

Step 4 - PRF Impact: Expanding the query with terms from these documents (e.g., ""egg,"" ""larva,"" ""pupa,"" ""adult,"" ""environmental conditions,"" ""temperature,"" ""humidity"") will likely enhance the search by bringing in more relevant and detailed information about the flea life cycle. This can help the user get a more comprehensive understanding of the topic.

Step 5 - Final",True
359349,how to find the midsegment of a trapezoid,0.3818181818181818,PRF-Hurt,Benefit,YES,0.9,,"Step 1 - Query Intent: The user is trying to find out how to calculate or identify the midsegment of a trapezoid, including its properties and the method to determine its length.

Step 2 - Result Quality: The top documents are highly relevant and provide clear, detailed information about the midsegment of a trapezoid. They explain what the midsegment is, how it is formed, and how to calculate its length. The scores are close, indicating that all documents are of similar relevance and quality.

Step 3 - Topic Consistency: The documents are consistent in their topic. They all discuss the midsegment of a trapezoid, its definition, and the method to find its length. There is no significant topic drift or irrelevant information.

Step 4 - PRF Impact: Expanding the query with terms from these documents could help by reinforcing the key concepts related to the midsegment of a trapezoid, such as ""midpoints,"" ""non-parallel sides,"" ""parallel sides,"" ""length,"" and ""average."" These terms are likely to appear in other relevant documents, potentially leading to more comprehensive and precise results.

Step 5 - Final",True
405717,is cdg airport in main paris,0.9047619047619048,PRF-Benefit,Benefit,YES,0.9,,"Step 1 - Query Intent: The user is trying to determine if CDG (Charles de Gaulle) airport is located in the main part of Paris. The query is seeking a straightforward yes/no answer about the location of the airport relative to the city center.

Step 2 - Result Quality: The top documents are highly relevant and provide clear, consistent information. They all confirm that CDG is indeed a major airport serving Paris, though they also specify its location relative to the city (northeast of Paris).

Step 3 - Topic Consistency: The documents share a coherent topic, focusing on the location and significance of CDG airport. There is no significant topic drift; all documents are about the same airport and its relation to Paris.

Step 4 - PRF Impact: Expanding the query with terms from these documents could help reinforce the user's understanding of the airport's location and its importance. Terms like ""northeast,"" ""main international airport,"" and ""dominant of the three Paris airports"" could provide more context and confirm the user's query intent.

Step 5 - Final",True
443396,lps laws definition,0.8064516129032258,PRF-Benefit,Benefit,YES,0.9,,"Step 1 - Query Intent: The user is trying to find the definition of ""LPS laws,"" which likely refers to the Lanterman-Petris-Short Act, a California law related to mental health.

Step 2 - Result Quality: The top three documents are highly relevant and provide detailed information about the LPS Act, its purpose, and its legislative context. Document [4] is a false match, discussing lipopolysaccharide, a biological term. Document [5] is also a false match, discussing limited partnerships in corporate law.

Step 3 - Topic Consistency: The top three documents share a coherent topic (the LPS Act and its implications for mental health law in California). However, documents [4] and [5] introduce significant topic drift, discussing unrelated subjects.

Step 4 - PRF Impact: If PRF were applied, it would likely extract terms from the top three documents, such as ""Lanterman-Petris-Short Act,"" ""involuntary civil commitment,"" ""mental health institution,"" and ""gravely disabled."" These terms would reinforce the correct topic and improve the relevance of subsequent search results. However, PRF might also inadvertently include terms from the false matches, such as ""lipopolysaccharide"" and ""limited partnership,"" which could introduce noise and dilute the precision of the search.

Step 5 - Final",True
451602,medicare's definition of mechanical ventilation,0.392156862745098,PRF-Hurt,Hurt,NO,0.4,,"Step 1 - Query Intent: The user is trying to find the official Medicare definition of mechanical ventilation. They are specifically interested in how Medicare defines this term, likely for purposes related to healthcare coverage, billing, or understanding Medicare policies.

Step 2 - Result Quality: The top documents are highly relevant and high-quality. They all provide clear definitions of mechanical ventilation, which aligns well with the user's query. The scores are very close, indicating that the search engine has already done a good job of retrieving relevant documents.

Step 3 - Topic Consistency: The documents share a coherent topic. They all define mechanical ventilation in a medical context, using similar language and concepts. There is no significant topic drift or irrelevant content among the top results.

Step 4 - PRF Impact: Expanding the query with terms from these documents could potentially introduce noise rather than enhance the results. The current results are already precise and consistent. Adding more terms might dilute the focus on the specific Medicare definition and could bring in additional, less relevant information about mechanical ventilation in general.

Step 5 - Final",True
489204,right pelvic pain causes,0.3972602739726027,PRF-Hurt,Benefit,YES,0.9,,"Step 1 - Query Intent: The user is trying to find the causes of right pelvic pain. They are looking for specific conditions or issues that could lead to pain in this area of the body.

Step 2 - Result Quality: The top documents are generally relevant and high-quality. They provide detailed information about various causes of right pelvic pain, including infections, organ issues, and other medical conditions. The scores are very close, indicating that the documents are all strong matches for the query.

Step 3 - Topic Consistency: The documents share a coherent topic. They all discuss potential causes of right pelvic pain, focusing on medical conditions and anatomical issues. There is no significant topic drift or irrelevant content.

Step 4 - PRF Impact: Expanding the query with terms from these documents is likely to be beneficial. Terms such as ""infection,"" ""fallopian tubes,"" ""uterus,"" ""pelvic inflammatory disease,"" and ""acute pelvic pain"" are common across the documents and can help refine the search to more precisely target the user's query. These terms are directly related to the causes of right pelvic pain and can help retrieve more relevant and comprehensive information.

Step 5 - Final",True
490595,rsa definition key,0.5287356321839081,Neutral,Benefit,YES,0.9,,"Step 1 - Query Intent: The user is trying to find a definition of RSA and its use in key-based cryptography, specifically focusing on the concept of public and private keys.

Step 2 - Result Quality: The top documents are highly relevant and high-quality. They all provide clear and detailed definitions of RSA, explaining that it is a public-key cryptosystem and describing the roles of the encryption and decryption keys.

Step 3 - Topic Consistency: The documents share a very coherent topic. They all discuss RSA in the context of cryptography, specifically focusing on the public and private key aspects. There is no significant topic drift or irrelevant content.

Step 4 - PRF Impact: Expanding with terms from these documents will likely help. The shared terms (e.g., ""public-key cryptosystem,"" ""encryption key,"" ""decryption key"") are highly relevant and will reinforce the user's intent to understand RSA and its key-based mechanisms. PRF can enhance the search by finding more documents that discuss these specific aspects of RSA.

Step 5 - Final",True
527433,types of dysarthria from cerebral palsy,0.4545454545454545,Neutral,Benefit,YES,0.9,,"Step 1 - Query Intent: The user is trying to find information about the different types of dysarthria specifically associated with cerebral palsy. They are looking for a clear and detailed classification of these types.

Step 2 - Result Quality: The top documents are highly relevant and provide high-quality information. Document [1] directly addresses the query by listing the major types of dysarthria in cerebral palsy. Documents [2], [3], and [5] provide broader context about dysarthria and its causes, which can be useful but are not as specific to the query. Document [4] provides more detailed information about a specific type of dysarthria (dyskinetic) in cerebral palsy.

Step 3 - Topic Consistency: The documents share a coherent topic related to dysarthria and cerebral palsy. However, there is some variation in the level of specificity. Document [1] is the most focused on the types of dysarthria in cerebral palsy, while others provide more general information about dysarthria and its causes.

Step 4 - PRF Impact: Expanding the query with terms from these documents could help by reinforcing the specific types of dysarthria mentioned (spastic, dyskinetic, ataxic) and providing additional context (e.g., speech impairments, voluntary movements). This would likely lead to more precise and relevant results. However, there is a risk that PRF might introduce some noise from the more general information provided in documents [2], [3], and [5].

Step 5 - Final",True
573724,what are the social determinants of health,0.5073529411764706,Neutral,Benefit,YES,0.9,,"Step 1 - Query Intent: The user is trying to understand what the social determinants of health are, including the various factors and conditions that influence health outcomes.

Step 2 - Result Quality: The top documents are highly relevant and high-quality. They provide comprehensive definitions and explanations of the social determinants of health, covering aspects such as living conditions, work environments, and broader systemic influences.

Step 3 - Topic Consistency: The documents share a coherent and consistent topic. They all discuss the social determinants of health in a similar manner, emphasizing the environmental and systemic factors that impact health.

Step 4 - PRF Impact: Expanding the query with terms from these documents will likely help. The shared terms (e.g., ""circumstances,"" ""conditions,"" ""environments,"" ""systems"") are relevant and can enhance the search by finding more detailed and related information. There is no significant topic drift or irrelevant content that could introduce noise.

Step 5 - Final",True
833860,what is the most popular food in switzerland,0.5555555555555556,Neutral,Hurt,NO,0.4,,"Step 1 - Query Intent: The user is trying to find out what the most popular food in Switzerland is. They are looking for specific dishes or foods that are widely consumed or recognized as being popular within the country.

Step 2 - Result Quality: The top documents are generally relevant and provide information about Swiss cuisine. However, they do not directly answer the query by identifying a single most popular food. Document [1] and [3] provide general information about Swiss cuisine and its regional influences. Document [2] mentions popular foods like cheese and chocolate but does not specify the most popular one. Document [4] focuses on a specific bread, zopf, which might be popular but is not explicitly stated as the most popular food. Document [5] lists a few dishes but does not indicate which is the most popular.

Step 3 - Topic Consistency: The documents share a coherent topic of Swiss cuisine and popular foods, but they do not consistently identify a single most popular food. There is some variation in the specific foods mentioned, and none of the documents directly address the query's primary intent.

Step 4 - PRF Impact: Expanding the query with terms from these documents could introduce more variety in the search results, potentially including more specific dishes and foods. However, since the current results do not clearly identify a single most popular food, PRF might dilute the focus and make it harder to find a direct answer to the query. Terms like ""cheese,"" ""chocolate,"" ""zopf,"" and ""pastetli"" might be added, but they do not necessarily lead to a clear identification of the most popular food.

Step 5 - Final",True
915593,what types of food can you cook sous vide,0.4137931034482758,Neutral,Benefit,YES,0.9,,"Step 1 - Query Intent: The user is trying to find out what types of food can be cooked using the sous vide method. They are looking for a comprehensive list of food items that are suitable for this cooking technique.

Step 2 - Result Quality: The top documents are relevant and high-quality. They provide a broad range of food types that can be cooked sous vide, including meats, fish, seafood, vegetables, and even eggs. The scores indicate that these documents are well-matched to the query.

Step 3 - Topic Consistency: The documents share a coherent topic. They all discuss various types of food that can be prepared using the sous vide method, without significant drift into unrelated topics. Each document reinforces the versatility of sous vide cooking.

Step 4 - PRF Impact: Expanding with terms from these documents will likely help. Terms such as ""meat,"" ""fish,"" ""seafood,"" ""vegetables,"" and ""eggs"" are common across the documents and can be used to retrieve more relevant results. These terms are directly related to the user's query and will likely lead to additional useful information about the types of food suitable for sous vide cooking.

Step 5 - Final",True
962179,when was the salvation army founded,0.328125,PRF-Hurt,Benefit,YES,0.9,,"Step 1 - Query Intent: The user is trying to find the specific year and circumstances under which The Salvation Army was founded.

Step 2 - Result Quality: The top documents are highly relevant and provide consistent information about the founding of The Salvation Army. They all mention the year 1865 and the founders, William and Catherine Booth. The scores are close, indicating that the documents are of similar relevance and quality.

Step 3 - Topic Consistency: The documents share a coherent topic. They all discuss the founding of The Salvation Army, mentioning the same key details such as the year, location, and founders. There is no significant topic drift.

Step 4 - PRF Impact: Expanding the query with terms from these documents could help refine the search further. Terms like ""1865,"" ""William Booth,"" ""Catherine Booth,"" ""London,"" and ""East End"" are likely to appear in other relevant documents, potentially leading to more comprehensive and detailed information about the founding of The Salvation Army.

Step 5 - Final",True
