query_id,run_idx,reasoning_trace,all_completions,completion_tokens,prompt_tokens
19335,0,,"[""<answer>[1]</answer>"", ""<answer>[1]</answer>"", ""<answer>[1]</answer>"", ""<answer>[1]</answer>"", ""<answer>[4]</answer>"", ""<answer>[2]</answer>"", ""<answer>[3]</answer>"", ""<answer>[2]</answer>""]",64,3683
19335,1,,"[""<answer>[9]</answer>"", ""<answer>[8]</answer>"", ""<answer>[3]</answer>"", ""<answer>[6]</answer>"", ""<answer>[4]</answer>"", ""<answer>[2]</answer>"", ""<answer>[1]</answer>"", ""<answer>[1]</answer>""]",64,3607
19335,2,,"[""<answer>[3]</answer>"", ""<answer>[2]</answer>"", ""<answer>[2]</answer>"", ""<answer>[5]</answer>"", ""<answer>[5]</answer>"", ""<answer>[2]</answer>"", ""<answer>[3]</answer>"", ""<answer>[2]</answer>""]",64,3688
19335,3,,"[""<answer>[3]</answer>"", ""<answer>[1]</answer>"", ""<answer>[7]</answer>"", ""<answer>[4]</answer>"", ""<answer>[1]</answer>"", ""<answer>[3]</answer>"", ""<answer>[2]</answer>"", ""<answer>[1]</answer>""]",64,3614
19335,4,,"[""<answer>[2]</answer>"", ""<answer>[5]</answer>"", ""<answer>[6]</answer>"", ""<answer>[5]</answer>"", ""<answer>[3]</answer>"", ""<answer>[4]</answer>"", ""<answer>[2]</answer>"", ""<answer>[2]</answer>""]",64,3627
47923,0,,"[""<answer>[3]</answer>"", ""<answer>[3]</answer>"", ""<answer>[1]</answer>"", ""<answer>[1]</answer>"", ""<answer>[1]</answer>"", ""<answer>[2]</answer>"", ""<answer>[3]</answer>"", ""<answer>[2]</answer>""]",64,3947
47923,1,,"[""<answer>[1]</answer>"", ""<answer>[4]</answer>"", ""<answer>[2]</answer>"", ""<answer>[1]</answer>"", ""<answer>[2]</answer>"", ""<answer>[2]</answer>"", ""<answer>[1]</answer>"", ""<answer>[2]</answer>""]",64,3860
47923,2,,"[""<answer>[1]</answer>"", ""<answer>[2]</answer>"", ""<answer>[2]</answer>"", ""<answer>[2]</answer>"", ""<answer>[1]</answer>"", ""<answer>[2]</answer>"", ""<answer>[1]</answer>."", ""<answer>[1]</answer>""]",64,3963
47923,3,,"[""<answer>[5]</answer>"", ""<answer>[2]</answer>"", ""<answer>[6]</answer>"", ""<answer>[1]</answer>"", ""<answer>[2]</answer>"", ""<answer>[3]</answer>"", ""<answer>[1]</answer>"", ""<answer>[1]</answer>""]",64,3875
47923,4,,"[""<answer>[1]</answer>"", ""<answer>[3]</answer>"", ""<answer>[4]</answer>"", ""<answer>[4]</answer>"", ""<answer>[1]</answer>"", ""<answer>[2]</answer>"", ""<answer>[1]</answer>"", ""<answer>[2]</answer>""]",64,3896
87181,0,,"[""<answer>[3]</answer>"", ""<answer>[1]</answer>"", ""<answer>[1]</answer>"", ""<answer>[3]</answer>"", ""<answer>[5]</answer>"", ""<answer>[3]</answer>"", ""<answer>[2]</answer>"", ""<answer>[2]</answer>""]",64,3518
87181,1,,"[""<answer>[5]</answer>"", ""<answer>[1]</answer>"", ""<answer>[1]</answer>"", ""<answer>[1]</answer>"", ""<answer>[2]</answer>"", ""<answer>[3]</answer>"", ""<answer>[3]</answer>"", ""<answer>[2]</answer>""]",64,3452
87181,2,,"[""<answer>[8]</answer>"", ""<answer>[2]</answer>"", ""<answer>[2]</answer>"", ""<answer>[2]</answer>"", ""<answer>[1]</answer>"", ""<answer>[3]</answer>"", ""<answer>[2]</answer>"", ""<answer>[2]</answer>""]",64,3483
87181,3,,"[""<answer>[8]</answer>"", ""<answer>[1]</answer>"", ""<answer>[1]</answer>"", ""<answer>[1]</answer>"", ""<answer>[2]</answer>"", ""I have evaluated the documents based on their relevance to the query \""causes of left ventricular hypertrophy.\"" The most relevant document is the one that primarily discusses the causes of left ventricular hypertrophy.\n\nAfter reviewing the documents, I find that:\n\n- Document [1] discusses the complications of left ventricular hypertrophy.\n- Document [2] mentions causes briefly but focuses more on the consequences.\n- Document [3] specifically addresses causes, particularly hereditary and inborn conditions.\n- Document [4] provides a general definition of left ventricular hypertrophy.\n\nTherefore, the most relevant document is document [3].\n\n<answer>[3]</answer>"", ""<answer>[3]</answer>"", ""<answer>[2]</answer>""]",179,3539
87181,4,,"[""<answer>[3]</answer>"", ""<answer>[2]</answer>"", ""<answer>[5]</answer>"", ""<answer>[4]</answer>"", ""<answer>[5]</answer>"", ""<answer>[1]</answer>"", ""<answer>[2]</answer>"", ""<answer>[1]</answer>""]",64,3498
87452,0,,"[""<answer>[4]</answer>"", ""<answer>[8]</answer>"", ""<answer>[7]</answer>"", ""<answer>[4]</answer>"", ""<answer>[5]</answer>"", ""<answer>[1]</answer>"", ""<answer>[1]</answer>"", ""<answer>[2]</answer>""]",64,4578
87452,1,,"[""<answer>[9]</answer>"", ""<answer>[6]</answer>"", ""<answer>[4]</answer>"", ""<answer>[2]</answer>"", ""<answer>[2]</answer>"", ""<answer>[4]</answer>"", ""<answer>[3]</answer>"", ""<answer>[2]</answer>""]",64,4657
87452,2,,"[""<answer>[5]</answer>"", ""<answer>[2]</answer>"", ""<answer>[7]</answer>"", ""<answer>[2]</answer>"", ""<answer>[4]</answer>"", ""<answer>[2]</answer>"", ""<answer>[2]</answer>"", ""<answer>[1]</answer>""]",64,4659
87452,3,,"[""<answer>[6]</answer>"", ""<answer>[2]</answer>"", ""<answer>[6]</answer>"", ""<answer>[5]</answer>"", ""<answer>[3]</answer>"", ""<answer>[2]</answer>"", ""<answer>[2]</answer>"", ""<answer>[2]</answer>""]",64,4116
87452,4,,"[""<answer>[5]</answer>"", ""<answer>[7]</answer>"", ""<answer>[2]</answer>"", ""<answer>[5]</answer>"", ""<answer>[2]</answer>"", ""<answer>[2]</answer>"", ""<answer>[1]</answer>"", ""<answer>[1]</answer>""]",64,4603
104861,0,,"[""<answer>[9]</answer>"", ""<answer>[1]</answer>"", ""<answer>[1]</answer>"", ""<answer>[2]</answer>"", ""<answer>[2]</answer>"", ""<answer>[1]</answer>"", ""<answer>[1]</answer>"", ""<answer>[1]</answer>""]",64,4922
104861,1,,"[""<answer>[3]</answer>"", ""<answer>[1]</answer>"", ""<answer>[6]</answer>"", ""<answer>[6]</answer>"", ""<answer>[4]</answer>"", ""<answer>[3]</answer>"", ""<answer>[2]</answer>"", ""<answer>[1]</answer>""]",64,4752
104861,2,,"[""<answer>[3]</answer>"", ""<answer>[7]</answer>"", ""<answer>[2]</answer>"", ""<answer>[3]</answer>"", ""<answer>[2]</answer>"", ""<answer>[2]</answer>"", ""<answer>[2]</answer>"", ""<answer>[2]</answer>""]",64,4542
104861,3,,"[""<answer>[4]</answer>"", ""<answer>[3]</answer>"", ""<answer>[2]</answer>"", ""<answer>[2]</answer>"", ""<answer>[2]</answer>"", ""<answer>[2]</answer>"", ""<answer>[3]</answer>"", ""<answer>[2]</answer>""]",64,4767
104861,4,,"[""<answer>[2]</answer>"", ""<answer>[1]</answer>"", ""<answer>[1]</answer>"", ""<answer>[2]</answer>"", ""<answer>[2]</answer>"", ""<answer>[1]</answer>"", ""<answer>[3]</answer>"", ""<answer>[2]</answer>""]",64,4512
130510,0,,"[""<answer>[1]</answer>"", ""<answer>[1]</answer>"", ""<answer>[7]</answer>"", ""<answer>[1]</answer>"", ""<answer>[2]</answer>"", ""<answer>[3] </answer>"", ""<answer>[1]</answer>"", ""<answer>[2]</answer>""]",65,3593
130510,1,,"[""<answer>[1]</answer>"", ""<answer>[2]</answer>"", ""<answer>[2]</answer>"", ""<answer>[2]</answer>"", ""<answer>[4]</answer>"", ""<answer>[1]</answer>"", ""<answer>[1]</answer>"", ""<answer>[1]</answer>""]",64,3566
130510,2,,"[""<answer>[1]</answer>"", ""<answer>[5]</answer>"", ""<answer>[2]</answer>"", ""<answer>[2]</answer>"", ""<answer>[2]</answer>"", ""<answer>[2] </answer>"", ""<answer>[2]</answer>"", ""<answer>[1]</answer>""]",65,3517
130510,3,,"[""<answer>[2]</answer>"", ""<answer>[1]</answer>"", ""<answer>[4]</answer>"", ""<answer>[1]</answer>"", ""<answer>[4]</answer>"", ""<answer>[2]</answer>"", ""<answer>[1]</answer>"", ""<answer>[2]</answer>""]",64,3574
130510,4,,"[""<answer>[3]</answer>"", ""<answer>[3]<answer>"", ""<answer>[2]</answer>"", ""<answer>[1]</answer>"", ""<answer>[3]</answer>"", ""<answer>[1]</answer>"", ""<answer>[2]</answer>"", ""<answer>[1]</answer>""]",64,3447
131843,0,,"[""<answer>[8]</answer>"", ""<answer>[1]</answer>"", ""<answer>[4]</answer>"", ""<answer>[3]</answer>"", ""<answer>[4]</answer>"", ""<answer>[4]</answer>"", ""<answer>[2]</answer>"", ""<answer>[1]</answer>""]",64,4335
131843,1,,"[""<answer>[1]</answer>"", ""<answer>[1]</answer>"", ""<answer>[1]</answer>"", ""<answer>[1]</answer>"", ""<answer>[1]</answer>"", ""<answer>[2]</answer>"", ""<answer>[2]</answer>"", ""<answer>[2]</answer>""]",64,4261
131843,2,,"[""<answer>[2]</answer>"", ""<answer>[2]</answer>"", ""<answer>[3]</answer>"", ""<answer>[6]</answer>"", ""<answer>[4]</answer>"", ""<answer>[4]</answer>"", ""<answer>[3]</answer>"", ""<answer>[2]</answer>""]",64,4285
131843,3,,"[""<answer>[4]</answer>"", ""<answer>[3]</answer>"", ""<answer>[3]</answer>"", ""<answer>[5]</answer>"", ""<answer>[1]</answer>"", ""<answer>[3]</answer>"", ""<answer>[3]</answer>"", ""<answer>[2]</answer>""]",64,4321
131843,4,,"[""<answer>[4]</answer>"", ""<answer>[1]</answer>"", ""<answer>[1]</answer>"", ""<answer>[5]</answer>"", ""<answer>[1]</answer>"", ""<answer>[3]</answer>"", ""<answer>[2]</answer>"", ""<answer>[2]</answer>""]",64,4211
146187,0,,"[""<answer>[2]</answer>"", ""<answer>[4]</answer>"", ""<answer>[2]</answer>"", ""<answer>[2]</answer>"", ""<answer>[1]</answer>"", ""<answer>[4]</answer>"", ""<answer>[3]</answer>"", ""<answer>[1]</answer>""]",64,4422
146187,1,,"[""<answer>[2]</answer>"", ""<answer>[5]</answer>"", ""<answer>[4]</answer>"", ""<answer>[1]</answer>"", ""<answer>[4]</answer>"", ""<answer>[1]</answer>"", ""<answer>[1]</answer>"", ""<answer>[1]</answer>""]",64,4353
146187,2,,"[""<answer>[5]</answer>"", ""<answer>[4]</answer>"", ""<answer>[6]</answer>"", ""<answer>[1]</answer>"", ""<answer>[1]</answer>"", ""<answer>[4]</answer>"", ""<answer>[1]</answer>."", ""<answer>[1]</answer>""]",64,4419
146187,3,,"[""<answer>[7]</answer>"", ""<answer>[3]</answer>"", ""<answer>[4]</answer>"", ""<answer>[5]</answer>"", ""<answer>[4]</answer>"", ""<answer>[1]</answer>"", ""<answer>[1]</answer>"", ""<answer>[1]</answer>""]",64,4422
146187,4,,"[""<answer>[3]</answer>"", ""<answer>[1]</answer>"", ""<answer>[2]</answer>"", ""<answer>[4]</answer>"", ""<answer>[1]</answer>"", ""<answer>[4]</answer>"", ""<answer>[3]</answer>"", ""<answer>[1]</answer>""]",64,4355
148538,0,,"[""<answer>[4]</answer>"", ""<answer>[4]</answer>"", ""<answer>[5]</answer>"", ""<answer>[2]</answer>"", ""<answer>[2]</answer>"", ""<answer>[1]</answer>"", ""<answer>[2]</answer>"", ""<answer>[2]</answer>""]",64,4453
148538,1,,"[""<answer>[4]</answer>"", ""<answer>[1]</answer>"", ""<answer>[2]</answer>"", ""<answer>[3]</answer>"", ""<answer>[1]</answer>"", ""<answer>[3]</answer>"", ""<answer>[1]</answer>"", ""<answer>[1]</answer>""]",64,4455
148538,2,,"[""<answer>[1]</answer>"", ""<answer>[2]</answer>"", ""<answer>[4]</answer>"", ""<answer>[1]</answer>"", ""<answer>[4]</answer>"", ""<answer>[3]</answer>"", ""<answer>[3]</answer>"", ""<answer>[2]</answer>""]",64,4528
148538,3,,"[""<answer>[8]</answer>"", ""The most relevant document to the query \""difference between rn and bsn\"" is:\n\n<answer>[1]</answer>"", ""<answer>[4]</answer>"", ""<answer>[2]</answer>"", ""<answer>[1]</answer>"", ""<answer>[1]</answer>"", ""<answer>[1]</answer>"", ""<answer>[1]</answer>""]",83,4462
148538,4,,"[""<answer>[1]</answer>"", ""<answer>[2]</answer>"", ""<answer>[7]</answer>"", ""<answer>[5]</answer>"", ""<answer>[4]</answer>"", ""<answer>[2]</answer>"", ""<answer>[1]</answer>"", ""<answer>[1]</answer>""]",64,4483
156493,0,,"[""<answer>[1]</answer>"", ""<answer>[1]</answer>"", ""<answer>[2]</answer>"", ""<answer>[1]</answer>"", ""<answer>[1]</answer>"", ""<answer>[2]</answer>"", ""<answer>[1]</answer>"", ""<answer>[1]</answer>""]",64,4242
156493,1,,"[""<answer>[9]</answer>"", ""<answer>[8]</answer>"", ""<answer>[1]</answer>"", ""<answer>[1]</answer>"", ""<answer>[1]</answer>"", ""<answer>[2]</answer>"", ""The query \""do goldfish grow\"" is asking about whether goldfish have the ability to grow, and the specific factors that influence their growth.\n\n- Document [1] discusses how the conditions and diet of goldfish affect their growth size and highlights the differences in size between fancy and common goldfish.\n- Document [2] is a general guide and catalog of different types of goldfish, which does not directly address the growth of goldfish.\n- Document [3] describes the factors that influence the growth rate of goldfish, including the size of the tank and feeding habits.\n\nBoth documents [1] and [3] are relevant to the query, but document [1] provides a more comprehensive discussion on the growth of goldfish, including specific sizes and varieties.\n\n<answer>[1]</answer>"", ""<answer>[1]</answer>""]",218,4238
156493,2,,"[""<answer>[2]</answer>"", ""<answer>[2]</answer>"", ""<answer>[2]</answer>"", ""<answer>[5]</answer>"", ""<answer>[2]</answer>"", ""<answer>[1]</answer>"", ""<answer>[2]</answer>"", ""<answer>[1]</answer>""]",64,4163
156493,3,,"[""<answer>[1]</answer>"", ""<answer>[2]</answer>"", ""<answer>[7]</answer>"", ""<answer>[1]</answer>"", ""<answer>[1]</answer>"", ""<answer>[1]</answer>"", ""<answer>[2]</answer>"", ""<answer>[2]</answer>""]",64,4088
156493,4,,"[""<answer>[1]</answer>"", ""<answer>[1]</answer>."", ""<answer>[2]</answer>"", ""<answer>[6]</answer>"", ""<answer>[1]</answer>"", ""<answer>[4]</answer>"", ""<answer>[1]</answer>"", ""<answer>[2]</answer>""]",64,4105
168216,0,,"[""<answer>[4]</answer>"", ""<answer>[2]</answer>"", ""<answer>[1]</answer>"", ""<answer>[1]</answer>"", ""<answer>[3]</answer>"", ""<answer>[1]</answer>"", ""<answer>[1]</answer>"", ""<answer>[1]</answer>""]",64,4224
168216,1,,"[""<answer>[4]</answer>"", ""<answer>[1]</answer>"", ""<answer>[2]</answer>"", ""<answer>[2]</answer>"", ""<answer>[2]</answer>"", ""<answer>[1]</answer>"", ""<answer>[1]</answer>"", ""<answer>[1]</answer>""]",64,4201
168216,2,,"[""<answer>[8]</answer>"", ""<answer>[1]</answer>"", ""<answer>[6]</answer>"", ""<answer>[1]</answer>"", ""<answer>[2]</answer>"", ""<answer>[1]</answer>"", ""<answer>[1]</answer>"", ""<answer>[1]</answer>""]",64,4093
168216,3,,"[""<answer>[1]</answer>"", ""<answer>[6]</answer>"", ""<answer>[1]</answer>"", ""<answer>[1]</answer>"", ""<answer>[1]</answer>"", ""<answer>[1]</answer>"", ""<answer>[1]</answer>"", ""<answer>[1]</answer>""]",64,4226
168216,4,,"[""<answer>[5]</answer>"", ""<answer>[8]</answer>"", ""<answer>[2]</answer>"", ""<answer>[1]</answer>"", ""<answer>[1]</answer>"", ""<answer>[2]</answer>"", ""<answer>[1]</answer>"", ""<answer>[1]</answer>""]",64,4247
182539,0,,"[""<answer>[7]</answer>"", ""<answer>[4]</answer>"", ""<answer>[4]</answer>"", ""<answer>[6]</answer>"", ""<answer>[3]</answer>"", ""<answer>[1]</answer>"", ""<answer>[1]</answer>"", ""<answer>[2]</answer>""]",64,4063
182539,1,,"[""<answer>[5]</answer>"", ""<answer>[6]</answer>"", ""<answer>[3]</answer>"", ""<answer>[5]</answer>"", ""<answer>[1]</answer>"", ""<answer>[4]</answer>"", ""<answer>[3]</answer>"", ""<answer>[1]</answer>""]",64,4044
182539,2,,"[""<answer>[3]</answer>"", ""<answer>[1]</answer>"", ""<answer>[5]</answer>"", ""<answer>[3]</answer>"", ""<answer>[2]</answer>"", ""<answer>[4]</answer>"", ""<answer>[3]</answer>"", ""<answer>[1]</answer>""]",64,4090
182539,3,,"[""<answer>[2]</answer>"", ""<answer>[3]</answer>"", ""<answer>[4]</answer>"", ""<answer>[1]</answer>"", ""<answer>[2]</answer>"", ""<answer>[1]</answer>"", ""<answer>[1]</answer>"", ""<answer>[1]</answer>""]",64,4093
182539,4,,"[""<answer>[8]</answer>"", ""<answer>[2]</answer>"", ""<answer>[3]</answer>"", ""<answer>[2]</answer>"", ""<answer>[4]</answer>"", ""<answer>[1]</answer>"", ""<answer>[3]</answer>"", ""<answer>[1]</answer>""]",64,4133
183378,0,,"[""<answer>[8]</answer>"", ""<answer>[1]</answer>"", ""<answer>[3]</answer>"", ""<answer>[1]</answer>"", ""<answer>[1]</answer>"", ""<answer>[2]</answer>"", ""<answer>[3]</answer>"", ""<answer>[1]</answer>""]",64,4095
183378,1,,"[""<answer>[2]</answer>"", ""<answer>[3]</answer>"", ""<answer>[1]</answer>"", ""<answer>[1]</answer>"", ""<answer>[1]</answer>"", ""<answer>[1]</answer>"", ""<answer>[3]</answer>"", ""<answer>[2]</answer>""]",64,4049
183378,2,,"[""<answer>[2]</answer>"", ""<answer>[2]</answer>"", ""<answer>[1]</answer>"", ""<answer>[4]</answer>"", ""<answer>[1]</answer>"", ""<Tag>[3]</Tag>"", ""<answer>[2]</answer>"", ""<answer>[1]</answer>""]",64,4155
183378,3,,"[""<answer>[3]</answer>"", ""<answer>[2]</answer>"", ""<answer>[1]</answer>"", ""<answer>[2]</answer>"", ""<answer>[4]</answer>"", ""<answer>[2]</answer>"", ""<answer>[2]</answer>"", ""<answer>[1]</answer>""]",64,3962
183378,4,,"[""<answer>[1]</answer>"", ""<answer>[2]</answer>"", ""<answer>[1]</answer>"", ""<answer>[2]</answer>"", ""<answer>[1]</answer>"", ""<answer>[1]</answer>"", ""<answer>[1]</answer>"", ""<answer>[2]</answer>""]",64,4096
207786,0,,"[""<answer>[3]</answer>"", ""<answer>[4]</answer>"", ""<answer>[7]</answer>"", ""<answer>[1]</answer>"", ""<answer>[1]</answer>"", ""<answer>[1]</answer>"", ""<answer>[3]</answer>"", ""<answer>[1]</answer>""]",64,4339
207786,1,,"[""<answer>[4]</answer>"", ""<answer>[2]</answer>"", ""<answer>[4]</answer>"", ""<answer>[2]</answer>"", ""<answer>[2]</answer>"", ""<answer>[2]</answer>"", ""<answer>[3]</answer>"", ""<answer>[2]</answer>""]",64,4393
207786,2,,"[""<answer>[2]</answer>"", ""<answer>[1]</answer>"", ""<answer>[2]</answer>"", ""<answer>[3]</answer>"", ""<answer>[1]</answer>"", ""<answer>[4]</answer>"", ""<answer>[2]</answer>"", ""<answer>[2]</answer>""]",64,4353
207786,3,,"[""<answer>[8]</answer>"", ""<answer>[1]</answer>"", ""<answer>[6]</answer>"", ""<answer>[3]</answer>"", ""<answer>[4]</answer>"", ""<answer>[1]</answer>"", ""<answer>[3]</answer>"", ""<answer>[1]</answer>""]",64,4382
207786,4,,"[""<answer>[2]</answer>"", ""<answer>[2]</answer>"", ""<answer>[5]</answer>"", ""<answer>[5]</answer>"", ""<answer>[1]</answer>"", ""<answer>[2]</answer>"", ""<answer>[3]</answer>"", ""<answer>[1]</answer>""]",64,4365
264014,0,,"[""<answer>[4]</answer>"", ""<answer>[8]</answer>"", ""<answer>[7]</answer>"", ""<answer>[3]</answer>"", ""<answer>[1]</answer>"", ""<answer>[2]</answer>"", ""<answer>[3]</answer>"", ""<answer>[2]</answer>""]",64,4335
264014,1,,"[""<answer>[1]</answer>"", ""<answer>[3]</answer>"", ""<answer>[5]</answer>"", ""<answer>[1]</answer>"", ""<answer>[5]</answer>"", ""<answer> [2] </answer>"", ""<answer>[1]</answer>"", ""<answer>[1]</answer>""]",66,4390
264014,2,,"[""<answer>[3]</answer>"", ""<answer>[3]</answer>"", ""<answer>[4]</answer>"", ""<answer>[3]</answer>"", ""<answer>[4]</answer>"", ""<answer>[1]</answer>"", ""<answer>[3]</answer>"", ""<answer>[2]</answer>""]",64,4430
264014,3,,"[""<answer>[1]</answer>"", ""<answer>[2]</answer>"", ""<answer>[3]</answer>"", ""<answer>[3]</answer>"", ""<answer>[2]</answer>"", ""<answer>[4]</answer>"", ""<answer>[1] </answer>"", ""<answer>[1]</answer>""]",65,4477
264014,4,,"[""<answer>[4]</answer>"", ""<answer>[1]</answer>"", ""<answer>[7]</answer>"", ""<answer>[3]</answer>"", ""<answer>[3]</answer>"", ""<answer>[1]</answer>"", ""<answer>[1]</answer>"", ""<answer>[2]</answer>""]",64,4405
359349,0,,"[""<answer>[1]</answer>"", ""<answer>[4]</answer>"", ""<answer>[2]</answer>"", ""<answer>[2]</answer>"", ""<answer>[4]</answer>"", ""<answer>[4]</answer>"", ""<answer>[1]</answer>"", ""<answer>[1]</answer>""]",64,5330
359349,1,,"[""<answer>[1]</answer>"", ""<answer>[2]</answer>"", ""<answer>[1]</answer>"", ""<answer>[2]</answer>"", ""<answer>[3]</answer>"", ""<answer>[1]</answer>"", ""<answer>[2]</answer>"", ""<answer>[1]</answer>""]",64,5339
359349,2,,"[""The most relevant document to the query \""how to find the midsegment of a trapezoid\"" is:\n<answer>[7]</answer>"", ""<answer>[1]</answer>"", ""<answer>[1]</answer>"", ""<answer>[1]</answer>"", ""<answer>[2]</answer>"", ""<answer>[1]</answer>"", ""<answer>[1]</answer>"", ""<answer>[1]</answer>""]",86,5325
359349,3,,"[""<answer>[1]</answer>"", ""<answer>[2]</answer>"", ""<answer>[1]</answer>"", ""<answer>[3]</answer>"", ""<answer>[4]</answer>"", ""<answer>[1]</answer>"", ""<answer>[1]</answer>"", ""<answer>[1]</answer>""]",64,5247
359349,4,,"[""<answer>[5]</answer>"", ""<answer>[2]</answer>"", ""<answer>[7]</answer>"", ""<answer>[3]</answer>."", ""<answer>[2]</answer>"", ""<answer>[4]</answer>"", ""<answer>[2]</answer>"", ""<answer>[2]</answer>""]",64,5349
405717,0,,"[""<answer>[8]</answer>"", ""<answer>[8]</answer>"", ""<answer>[5]</answer>"", ""<answer>[6]</answer>"", ""<answer>[4]</answer>"", ""<answer>[1]</answer>"", ""<answer>[2]</answer>"", ""<answer>[1]</answer>""]",64,4397
405717,1,,"[""<answer>[9]</answer>"", ""<answer>[7]</answer>"", ""<answer>[5]</answer>"", ""<answer>[5]</answer>"", ""<answer>[2]</answer>"", ""<answer>[4]</answer>"", ""<answer>[3]</answer>"", ""<answer>[1]</answer>""]",64,4397
405717,2,,"[""<answer>[7]</answer>"", ""<answer>[5]</answer>"", ""<answer>[3]</answer>"", ""<answer>[5]</answer>"", ""<answer>[3]</answer>"", ""<answer>[1]</answer>"", ""<answer>[3]</answer>"", ""<answer>[1]</answer>""]",64,4402
405717,3,,"[""<answer>[1]</answer>"", ""<answer>[4]</answer>"", ""<answer>[7]</answer>"", ""<answer>[6]</answer>"", ""<answer>[5]</answer>"", ""<answer>[1]</answer>"", ""<answer>[1]</answer>"", ""<answer>[1]</answer>""]",64,4397
405717,4,,"[""<answer>[3]</answer>"", ""<answer>[1]</answer>"", ""<answer>[6]</answer>"", ""<answer>[3]</answer>"", ""<answer>[4]</answer>"", ""<answer>[2]</answer>"", ""<answer>[1]</answer>"", ""<answer>[1]</answer>""]",64,4376
443396,0,,"[""<answer>[1]</answer>"", ""<answer>[2]</answer>"", ""<answer>[2]</answer>"", ""<answer>[3]</answer>"", ""<answer>[1]</answer>"", ""<answer>[2]</answer>"", ""<answer>[3]</answer>"", ""<answer>[1]</answer>""]",64,3616
443396,1,,"[""<answer>[2]</answer>"", ""<answer>[1]</answer>"", ""<answer>[6]</answer>"", ""<answer>[1]</answer>"", ""<answer>[1]</answer>"", ""<answer>[4]</answer>"", ""<answer>[2]</answer>"", ""<answer>[1]</answer>""]",64,3672
443396,2,,"[""<answer>[8]</answer>"", ""<answer>[7]</answer>"", ""<answer>[2]</answer>"", ""<answer>[2]</answer>"", ""<answer>[5]</answer>"", ""<answer>[1]</answer>"", ""<answer>[3]</answer>"", ""<answer>[2]</answer>""]",64,3662
443396,3,,"[""<answer>[5]</answer>"", ""<answer>[3]</answer>"", ""<answer>[1]</answer>"", ""<answer>[2]</answer>"", ""<answer>[2]</answer>"", ""<answer>[1]</answer>"", ""<answer>[1] </answer>"", ""<answer>[2]</answer>""]",65,3590
443396,4,,"[""<answer>[4]</answer>"", ""<answer>[2]</answer>"", ""In this case, the user is querying the definition of \""lps laws\"". The most relevant document is the first document that defines LPS as a component of Gram-negative bacteria.\n\n<answer>[1]</answer>"", ""<answer>[2]</answer>"", ""<answer>[2]</answer>"", ""<answer>[2]</answer>"", ""<answer>[3]</answer>"", ""<answer>[1]</answer>""]",99,3674
451602,0,,"[""<answer>[5]</answer>"", ""<answer>[7]</answer>"", ""<answer>[2]</answer>"", ""<answer>[5]</answer>"", ""<answer>[2]</answer>"", ""<answer>[4]</answer>"", ""<answer>[2][3]</answer>"", ""<answer>[2]</answer>""]",66,3663
451602,1,,"[""<answer>[4]</answer>"", ""<answer>[6]</answer>"", ""<answer>[5]</answer>"", ""<answer>[3]</answer>"", ""<answer>[5]</answer>"", ""<answer>[2]</answer>."", ""<answer>[3]</answer>"", ""<answer>[2]</answer>""]",64,3631
451602,2,,"[""<answer>[8]</answer>"", ""<answer>[2]</answer>"", ""<answer>[7]</answer>"", ""<answer>[2]</answer>"", ""<answer>[5]</answer>"", ""<answer>[3]</answer>"", ""<answer>[3]</answer>"", ""<answer>[2]</answer>""]",64,3708
451602,3,,"[""<answer>[8]</answer>"", ""<answer>[3]</answer>"", ""<answer>[6]</answer>"", ""<answer>[6]</answer>"", ""<answer>[3]</answer>"", ""<answer>[3]</answer>"", ""<answer>[2]</answer>"", ""<answer>[2]</answer>.""]",64,3631
451602,4,,"[""<answer>[5]</answer>"", ""<answer>[5]</answer>"", ""<answer>[5]</answer>"", ""<answer>[2]</answer>"", ""<answer>[5]</answer>"", ""<answer>[4]</answer>"", ""<answer>[3]</answer>"", ""<answer>[2]</answer>""]",64,3678
489204,0,,"[""<answer>[5]</answer>"", ""<answer>[4]</answer>"", ""<answer>[6]</answer>"", ""<answer>[1]</answer>"", ""<answer>[1]</answer>"", ""<answer>[1]</answer>"", ""<answer>[1]</answer>"", ""<answer>[2]</answer>""]",64,4179
489204,1,,"[""<answer>[1]</answer>"", ""<answer>[6]</answer>"", ""<answer>[1]</answer>"", ""<answer>[2]</answer>"", ""<answer>[4]</answer>"", ""<answer>[4]</answer>"", ""<answer>[3]</answer>"", ""<answer>[2]</answer>""]",64,4241
489204,2,,"[""<answer>[1]</answer>"", ""<answer>[2]</answer>"", ""<answer>[2]</answer>"", ""<answer>[1]</answer>"", ""<answer>[3]</answer>"", ""<answer>[1]</answer>"", ""<answer>[3]</answer>"", ""<answer>[2]</answer>""]",64,4387
489204,3,,"[""<answer>[2]</answer>"", ""<answer>[8]</answer>"", ""<answer>[7]</answer>"", ""<answer>[2]</answer>"", ""<answer>[2]</answer>"", ""<answer>[4]</answer>"", ""<answer>[3]</answer>"", ""<answer>[2]</answer>""]",64,4237
489204,4,,"[""<answer>[1]</answer>"", ""<answer>[2]</answer>"", ""<answer>[3]</answer>"", ""<answer>[1]</answer>"", ""<answer>[3]</answer>"", ""<answer>[4]</answer>"", ""<answer>[1]</answer>"", ""<answer>[1]</answer>""]",64,4268
490595,0,,"[""<answer>[1]</answer>"", ""<answer>[1]</answer>"", ""<answer>[6]</answer>"", ""<answer>[1]</answer>"", ""<answer>[2]</answer>"", ""<answer>[1]</answer>"", ""<answer>[1]</answer>"", ""<answer>[2]</answer>""]",64,4194
490595,1,,"[""<answer>[3]</answer>"", ""<answer>[1]</answer>"", ""<answer>[1]</answer>"", ""<answer>[2]</answer>"", ""<answer>[3]</answer>"", ""<answer>[1]</answer>"", ""<answer>[1]</answer>"", ""<answer>[2]</answer>""]",64,4106
490595,2,,"[""<answer>[2]</answer>"", ""<answer>[5]</answer>"", ""<answer>[1]</answer>"", ""<answer>[1]</answer>"", ""<answer>[1]</answer>"", ""<answer>[1]</answer>"", ""<answer>[2]</answer>"", ""<answer>[1]</answer>""]",64,3987
490595,3,,"[""<answer>[5]</answer>"", ""The most relevant document to the query \""rsa definition key\"" is:\n\n<answer>[5]</answer>"", ""<answer>[4]</answer>"", ""<answer>[5]</answer>"", ""<answer>[1]</answer>"", ""<answer>[1]</answer>"", ""<answer>[1]</answer>"", ""The query \""rsa definition key\"" is most relevant to:\n\n<answer>[1]</answer>""]",90,4276
490595,4,,"[""<answer>[2]</answer>"", ""<answer>[1]</answer>"", ""<answer>[2]</answer>"", ""<answer>[1]</answer>"", ""<answer>[3]</answer>"", ""<answer>[1]</answer>"", ""<answer>[3]</answer>"", ""<answer>[2]</answer>""]",64,4018
527433,0,,"[""<answer>[1]</answer>"", ""<answer>[6]</answer>"", ""<answer>[1]</answer>"", ""<answer>[5]</answer>"", ""<answer>[5]</answer>"", ""<answer>[4]</answer>"", ""<answer>[2]</answer>"", ""<answer>[2]</answer>""]",64,4713
527433,1,,"[""<answer>[8]</answer>"", ""<answer>[6]</answer>"", ""<answer>[1]</answer>"", ""<answer>[3]</answer>"", ""<answer>[2]</answer>"", ""<answer>[2]</answer>"", ""<answer>[3]</answer>"", ""<answer> [2] </answer>""]",66,4790
527433,2,,"[""<answer>[7]</answer>"", ""<answer>[8]</answer>"", ""<answer>[5]</answer>"", ""<answer>[2]</answer>"", ""<answer>[3]</answer>"", ""<answer>[3]</answer>"", ""<answer>[3]</answer>"", ""<answer>[2]</answer>""]",64,4745
527433,3,,"[""<answer>[7]</answer>"", ""<answer>[5]</answer>"", ""<answer>[2]</answer>"", ""<answer>[4]</answer>"", ""<answer>[1]</answer>"", ""The most relevant document to the query \""types of dysarthria from cerebral palsy\"" is:\n\n<answer>[2]</answer>"", ""<answer>[2]</answer>"", ""<answer>[2]</answer>""]",84,4715
527433,4,,"[""<answer>[9]</answer>"", ""<answer>[4]</answer>"", ""<answer>[7]</answer>"", ""<answer>[1]</answer>"", ""<answer>[2]</answer>"", ""<answer>[3]</answer>"", ""<answer>[2]</answer>"", ""<answer>[1]</answer>""]",64,4742
573724,0,,"[""<answer>[1]</answer>"", ""<answer>[1]</answer>"", ""<answer>[1]</answer>"", ""<answer>[1]</answer>"", ""<answer>[5]</answer>"", ""<answer>[1]</answer>"", ""<answer>[1]</answer>"", ""<answer>[1]</answer>""]",64,3697
573724,1,,"[""<answer>[2]</answer>"", ""<answer>[1]</answer>"", ""<answer>[1]</answer>"", ""<answer>[1]</answer>"", ""<answer>[1]</answer>"", ""<answer>[4]</answer>"", ""<answer>[2]</answer>"", ""<answer>[2]</answer>""]",64,3717
573724,2,,"[""<answer>[2]</answer>"", ""<answer>[2]</answer>"", ""<answer>[2]</answer>"", ""<answer>[1]</answer>"", ""<answer>[1]</answer>"", ""<answer>[1]</answer>"", ""<answer>[1]</answer>"", ""<answer>[2]</answer>""]",64,3716
573724,3,,"[""<answer>[1]</answer>"", ""<answer>[5]</answer>"", ""<answer>[1]</answer>"", ""<answer>[3]</answer>"", ""<answer>[3]</answer>"", ""<answer>[1]</answer>"", ""<answer>[1]</answer>"", ""<answer>[1]</answer>""]",64,3509
573724,4,,"[""<answer>[2]</answer>"", ""<answer>[2]</answer>"", ""<answer>[1]</answer>"", ""<answer>[1]</answer>"", ""<answer>[1]</answer>"", ""<answer>[1]</answer>"", ""<answer>[2]</answer>"", ""<answer>[1]</answer>""]",64,3571
833860,0,,"[""<answer>[1]</answer>"", ""<answer>[6]</answer>"", ""<answer>[3]</answer>"", ""<answer>[2]</answer>"", ""<answer>[2]</answer>"", ""<answer>[4]</answer>"", ""<answer>[3]</answer>"", ""<answer>[1]</answer>""]",64,4486
833860,1,,"[""<answer>[6]</answer>"", ""<answer>[2]</answer>"", ""<answer>[4]</answer>"", ""<answer>[4]</answer>"", ""<answer>[4]</answer>"", ""<answer>[2]</answer>"", ""<answer>[2]</answer>"", ""<answer>[1]</answer>""]",64,4430
833860,2,,"[""<answer>[1]</answer>"", ""<answer>[3]</answer>"", ""<answer>[1]</answer>"", ""<answer>[5]</answer>"", ""<answer>[5]</answer>"", ""<answer>[4]</answer>"", ""<answer>[2]</answer>"", ""<answer>[2]</answer>""]",64,4506
833860,3,,"[""<answer>[7]</answer>"", ""<answer>[6]</answer>"", ""<answer>[2]</answer>"", ""<answer>[6]</answer>"", ""<answer>[1]</answer>"", ""<answer>[2]</answer>."", ""<answer>[1]</answer>"", ""<answer>[1]</answer>""]",64,4462
833860,4,,"[""<answer>[5]</answer>"", ""<answer>[5]</answer>"", ""<answer>[2]</answer>"", ""<answer>[6]</answer>"", ""<answer>[1]</answer>"", ""<answer>[4]</answer>"", ""<answer>[1]</answer>"", ""<answer>[2]</answer>""]",64,4290
855410,0,,"[""<answer>[8]</answer>"", ""<answer>[6]</answer>"", ""<answer>[4]</answer>"", ""<answer>[4]</answer>"", ""<answer>[5]</answer>"", ""<answer>[4]</answer>"", ""<answer>[3]</answer>"", ""<answer>[1]</answer>""]",64,3708
855410,1,,"[""<answer>[6]</answer>"", ""<answer>[4]</answer>"", ""<answer>[3]</answer>"", ""<answer>[2]</answer>"", ""<answer>[5]</answer>"", ""<answer>[4]</answer>"", ""<answer>[2]</answer>."", ""<answer>[2]</answer>""]",64,3699
855410,2,,"[""<answer>[1]</answer>"", ""<answer>[5]</answer>"", ""<answer>[2]</answer>"", ""<answer>[1]</answer>"", ""<answer>[5]</answer>"", ""<answer>[1]</answer>"", ""<answer>[2]</answer>"", ""<answer>[2]</answer>""]",64,3658
855410,3,,"[""<answer>[2]</answer>"", ""<answer>[6]</answer>"", ""<answer>[3]</answer>"", ""<answer>[4]</answer>"", ""<answer>[5]</answer>"", ""<answer>[1]</answer>"", ""<answer>[1]</answer>"", ""<answer>[0]</answer>""]",64,3700
855410,4,,"[""<answer>[2]</answer>"", ""<answer>[4]</answer>"", ""<answer>[5]</answer>"", ""<answer>[1]</answer>"", ""<answer>[4]</answer>"", ""<answer>[3]</answer>"", ""<answer>[3]</answer>"", ""<answer>[1]</answer>""]",64,3754
915593,0,,"[""<answer>[6]</answer>"", ""<answer>[3]</answer>"", ""<answer>[3]</answer>"", ""<answer>[3]</answer>"", ""<answer>[2]</answer>"", ""<answer>[2]</answer>"", ""<answer>[1]</answer>"", ""<answer>[1]</answer>""]",64,4554
915593,1,,"[""<answer>[1]</answer>"", ""<answer>[1]</answer>"", ""<answer>[2]</answer>."", ""<answer>[5]</answer>"", ""<answer>[2]</answer>"", ""<answer>[1]</answer>"", ""<answer>[1]</answer>"", ""<answer>[1]</answer>""]",64,4551
915593,2,,"[""<answer>[5]</answer>"", ""<answer>[1]</answer>"", ""<answer>[5]</answer>"", ""<answer>[6]</answer>"", ""<answer>[4]</answer>"", ""<answer>[1]</answer>"", ""<answer>[1]</answer>"", ""<answer>[2]</answer>""]",64,4573
915593,3,,"[""<answer>[1]</answer>"", ""<answer>[4]</answer>"", ""<answer>[1]</answer>"", ""<answer>[3]</answer>"", ""<answer>[2]</answer>"", ""<answer>[4]</answer>"", ""<answer>[1]</answer>"", ""<answer>[2]</answer>""]",64,4568
915593,4,,"[""<answer>[2]</answer>"", ""<answer>[1]</answer>"", ""<answer>[5]</answer>"", ""<answer>[5]</answer>"", ""<answer>[4]</answer>"", ""<answer>[1]</answer>"", ""<answer>[1]</answer>"", ""<answer>[2]</answer>""]",64,4551
962179,0,,"[""<answer>[6]</answer>"", ""<answer>[5]</answer>"", ""<answer>[1]</answer>"", ""<answer>[3]</answer>"", ""<answer>[1]</answer>"", ""<answer>[4]</answer>"", ""<answer>[1]</answer>"", ""<answer>[1]</answer>""]",64,4322
962179,1,,"[""<answer>[4]</answer>"", ""<answer>[5]</answer>"", ""<answer>[3]</answer>"", ""<answer>[1]</answer>"", ""<answer>[1]</answer>"", ""<answer>[2]</answer>"", ""<answer>[2]</answer>"", ""<answer>[2]</answer>""]",64,4301
962179,2,,"[""<answer>[2]</answer>"", ""<answer>[2]</answer>"", ""<answer>[1]</answer>"", ""<answer>[1]</answer>"", ""<answer>[3]</answer>"", ""<answer>[3]</answer>"", ""<answer>[2]</answer>"", ""<answer>[1]</answer>""]",64,4283
962179,3,,"[""<answer>[1]</answer>"", ""<answer>[2]</answer>"", ""<answer>[3]</answer>"", ""<answer>[5]</answer>"", ""<answer>[5]</answer>"", ""<answer>[4]</answer>"", ""<answer>[3]</answer>"", ""<answer>[2]</answer>""]",64,4240
962179,4,,"[""<answer>[4]</answer>"", ""<answer>[3]</answer>"", ""<answer>[1]</answer>"", ""<answer>[1]</answer>"", ""<answer>[1]</answer>"", ""<answer>[2]</answer>"", ""<answer>[1]</answer>"", ""<answer>[2]</answer>""]",64,4190
1037798,0,,"[""<answer>[3]</answer>"", ""<answer>[2]</answer>"", ""<answer>[2]</answer>"", ""<answer>[2]</answer>"", ""<answer>[1]</answer>"", ""<answer>[1]</answer>"", ""<answer>[1]</answer>"", ""<answer>[1]</answer>""]",64,4286
1037798,1,,"[""<answer>[5]</answer>"", ""<answer>[2]</answer>"", ""<answer>[2]</answer>"", ""<answer>[1]</answer>"", ""<answer>[2]</answer>"", ""<answer>[2]</answer>"", ""<answer>[0]</answer>"", ""<answer>[1]</answer>""]",64,4209
1037798,2,,"[""<answer>[6]</answer>"", ""<answer>[2]</answer>"", ""<answer>[1]</answer>"", ""<answer>[2]</answer>"", ""<answer>[3]</answer>"", ""<answer>[4]</answer>"", ""I'm sorry, but I don't have the information to answer your question."", ""<answer>[1]</answer>\n\nThe query asks for information about \""Robert Gray,\"" while the documents provided are about \""George Gray.\"" However, since the query does not specify any additional context, and both documents are about the same person (George Gray), the most relevant document is the one that includes the word \""Host,\"" which is more likely to be picked up by a search algorithm aiming to match the query \""who is Robert Gray.\""""]",154,4286
1037798,3,,"[""<answer>[8]</answer>"", ""<answer>[3]</answer>"", ""<answer>[5]</answer>"", ""<answer>[3]</answer>"", ""<answer>[4]</answer>"", ""<answer>[1]</answer>"", ""<answer>[1]</answer>"", ""<answer>[1]</answer>""]",64,4246
1037798,4,,"[""<answer>[5]</answer>"", ""<answer>[1]</answer>"", ""<answer>[4]</answer>"", ""<answer>[6]</answer>"", ""<answer>[2]</answer>"", ""<answer>[1]</answer>"", ""<answer>[3]</answer>"", ""<answer>[0]</answer>""]",64,4209
1063750,0,,"[""<answer>[1]</answer>"", ""<answer>[2]</answer>"", ""<answer>[6]</answer>"", ""<answer>[3]</answer>"", ""<answer>[3]</answer>"", ""<answer>[0]</answer>"", ""<answer>[0]</answer>"", ""<answer>[2]</answer>""]",64,5212
1063750,1,,"[""<answer>[6]</answer>."", ""<answer>[3]</answer>"", ""<answer>[2]</answer>"", ""<answer>[5]</answer>"", ""<answer>[1]</answer>"", ""<answer>[0]</answer>"", ""<answer>[1] </answer>"", ""<answer>[1]</answer>""]",65,5143
1063750,2,,"[""<answer>[1]</answer>"", ""<answer>[4]</answer>"", ""<answer>[5]</answer>"", ""<answer>[6] </answer>"", ""<answer>[4]</answer>"", ""<answer>[0]</answer>"", ""<answer>[0]</answer>"", ""<answer>[3]</answer>\n\n(Note: None of the provided documents directly address the query about why the U.S. voluntarily entered World War 1. Therefore, the most relevant document label is not provided, as none of the documents are relevant to the query.)""]",112,5212
1063750,3,,"[""<answer>[9]</answer>"", ""<answer>[1]</answer>"", ""<answer>[5]</answer>"", ""<answer>[2]</answer>"", ""<answer>[0]</answer>\n\nI apologize for the incorrect numbering in the provided documents. The correct numbering should start from [0]. The most relevant document to the query \""why did the us voluntarily enter ww1\"" is not provided in the given list. All documents discuss the entry of the US into World War 2."", ""<answer>[1]</answer>\n\nThe document [1] is most relevant because it discusses the reasons behind the U.S. entering a world war, specifically World War II, and mentions the growing peril of Britain and the attack on Pearl Harbor as key factors. While it does not directly address World War I, the structure and content of the document suggest it might contain relevant information if it were about World War I. The other documents are either about different organizations, or explicitly about World War II."", ""<answer>[0]</answer>"", ""<answer>[1]</answer>""]",216,5145
1063750,4,,"[""<answer>[3]</answer>"", ""<answer>[3]</answer>"", ""<answer>[4]</answer>"", ""<answer>[1]</answer>"", ""<answer>[5]</answer>"", ""<answer>[0]</answer>"", ""<answer>[0]</answer>"", ""<answer>[0]</answer>""]",64,5212
1103812,0,,"[""<answer>[7]</answer>."", ""<answer>[6]</answer>"", ""<answer>[3]</answer>"", ""<answer>[1]</answer>"", ""<answer>[1]</answer>"", ""<answer>[3]</answer>"", ""<answer>[1]</answer>"", ""<answer>[1]</answer>""]",64,4204
1103812,1,,"[""<answer>[1]</answer>"", ""<answer>[4]</answer>"", ""<answer>[4]</answer>"", ""<answer>[1]</answer>"", ""<answer>[1]</answer>"", ""<answer>[4]</answer>"", ""<answer>[1]</answer>"", ""To determine the most relevant document, we need to identify which document discusses the formation of the Commonwealth of Independent States. The query is about the formation of the CIS.\n\n[1] mentions the CIS but does not provide information about its formation.\n[2] mentions the CIS and specifies that it was formed by states that had been Soviet Socialist Republics in the Soviet Union prior to its dissolution in December 1991.\n\nTherefore, the most relevant document is:\n\n <answer>[2]</answer>""]",160,4054
1103812,2,,"[""<answer>[1]</answer>"", ""<answer>[1]</answer>"", ""<answer>[2]</answer>"", ""<answer>[4]</answer>"", ""<answer>[3]</answer>"", ""<answer>[1]</answer>"", ""<answer>[1]</answer>"", ""<answer>[1]</answer>""]",64,4164
1103812,3,,"[""<answer>[1]</answer>"", ""<answer>[1]</answer>"", ""<answer>[2]</answer>"", ""<answer>[4]</answer>"", ""<answer>[3]</answer>"", ""<answer>[4]</answer>"", ""<answer>[2]</answer>"", ""<answer>[2]</answer>""]",64,4130
1103812,4,,"[""<answer>[9]</answer>"", ""<answer>[1]</answer>"", ""<answer>[2]</answer>"", ""<answer>[4]</answer>"", ""<answer>[2]</answer>"", ""<answer>[1]</answer>"", ""<answer>[2]</answer>"", ""<answer>[1]</answer>""]",64,4173
1106007,0,,"[""<answer>[8]</answer>"", ""<answer>[1]</answer>"", ""<answer>[2]</answer>"", ""<answer>[1]</answer>"", ""<answer>[2]</answer>"", ""<answer>[2]</answer>"", ""<answer>[3]</answer>"", ""<answer>[1]</answer>""]",64,3609
1106007,1,,"[""<answer>[1]</answer>"", ""<answer>[7]</answer>"", ""<answer>[2]</answer>"", ""<answer>[2]</answer>"", ""<answer>[4]</answer>"", ""<answer>[2]</answer>"", ""<answer>[1]</answer>"", ""<answer>[2]</answer>""]",64,3504
1106007,2,,"[""<answer>[6]</answer>"", ""<answer>[2]</answer>"", ""<answer>[7]</answer>"", ""<answer>[1]</answer>"", ""<answer>[2]</answer>"", ""<answer>[2]</answer>"", ""<answer>[3]</answer>"", ""<answer>[1]</answer>""]",64,3768
1106007,3,,"[""<answer>[1]</answer>"", ""<answer>[2]</answer>"", ""<answer>[1]</answer>"", ""<answer>[2]</answer>"", ""<answer>[3]</answer>"", ""<answer>[3]</answer>"", ""<answer>[2]</answer>"", ""<answer>[1]</answer>""]",64,3476
1106007,4,,"[""<answer>[1]</answer>"", ""<answer>[2]</answer>"", ""<answer>[3]</answer>"", ""<answer>[1]</answer>"", ""<answer>[1]</answer>"", ""<answer>[2]</answer>"", ""<answer>[2]</answer>"", ""<answer>[2]</answer>""]",64,3655
1110199,0,,"[""<answer>[1]</answer>"", ""<answer>[8]</answer>"", ""<answer>[4]</answer>"", ""<answer>[1]</answer>"", ""<answer>[2]</answer>"", ""<answer>[1]</answer>"", ""<answer>[2]</answer>"", ""<answer>[2]</answer>""]",64,4226
1110199,1,,"[""<answer>[9]</answer>"", ""<answer>[1]</answer>"", ""<answer>[7]</answer>"", ""<answer>[1]</answer>"", ""<answer>[5]</answer>"", ""<answer>[4]</answer>"", ""<answer>[2]</answer>"", ""<answer>[1]</answer>""]",64,4285
1110199,2,,"[""<answer>[1]</answer>"", ""<answer>[1]</answer>"", ""<answer>[2]</answer>"", ""<answer>[2]</answer>"", ""<answer>[1]</answer>"", ""<answer>[2]</answer>"", ""<answer>[2]</answer>"", ""<answer>[1]</answer>""]",64,4171
1110199,3,,"[""<answer>[4]</answer>"", ""<answer>[1]</answer>"", ""<answer>[1]</answer>"", ""<answer>[1]</answer>"", ""<answer>[1]</answer>"", ""<answer>[1]</answer>"", ""<answer>[1]</answer>."", ""<answer>[1]</answer>""]",64,4195
1110199,4,,"[""<answer>[1]</answer>"", ""<answer>[2]</answer>"", ""<answer>[1]</answer>"", ""<answer>[5]</answer>"", ""<answer>[2]</answer>"", ""<answer>[4]</answer>"", ""<answer>[1]</answer>"", ""<answer>[1]</answer>""]",64,4242
1112341,0,,"[""<answer>[5]</answer>"", ""<answer>[1]</answer>"", ""<answer>[6]</answer>"", ""<answer>[2]</answer>"", ""<answer>[3]</answer>"", ""<answer>[3]</answer>"", ""<answer>[1]</answer>"", ""<answer>[No document is relevant]</answer>""]",67,5189
1112341,1,,"[""<answer>[3]</answer>"", ""<answer>[4]</answer>"", ""<answer>[1]</answer>"", ""<answer>[2]</answer>"", ""<answer>[2]</answer>"", ""<answer>[3]</answer>"", ""<answer>[2]</answer>"", ""<answer>[1]</answer>""]",64,5146
1112341,2,,"[""<answer>[1]</answer>"", ""<answer>[7]</answer>"", ""<answer>[7]</answer>"", ""<answer>[3]</answer>"", ""<answer>[2]</answer>"", ""<answer>[2]</answer>"", ""<answer>[3]</answer>"", ""<answer>[1]</answer>""]",64,5055
1112341,3,,"[""<answer>[2]</answer>"", ""<answer>[1]</answer>"", ""<answer>[2]</answer>"", ""<answer>[1]</answer>"", ""<answer>[4]</answer>"", ""<answer>[1]</answer>"", ""<answer>[1]</answer>"", ""<answer>[1]</answer>""]",64,5098
1112341,4,,"[""<answer>[3]</answer>"", ""<answer>[1]</answer>"", ""<answer>[2]</answer>"", ""<answer>[1]</answer>"", ""<answer>[4]</answer>"", ""<answer>[4]</answer>"", ""<answer>[2]</answer>"", ""<answer>[2]</answer>""]",64,5095
1113437,0,,"[""<answer>[7]</answer>"", ""<answer>[1]</answer>"", ""<answer>[1]</answer>"", ""<answer>[1]</answer>"", ""<answer>[2]</answer>"", ""<answer>[1]</answer>"", ""<answer>[3]</answer>"", ""<answer>[2]</answer>""]",64,5185
1113437,1,,"[""<answer>[1]</answer>"", ""<answer>[1]</answer>"", ""<answer>[3]</answer>"", ""<answer>[1]</answer>"", ""<answer>[1]</answer>"", ""<answer>[1]</answer>"", ""<answer>[1]</answer>"", ""<answer>[1]</answer>""]",64,5142
1113437,2,,"[""<answer>[8]</answer>"", ""<answer>[3]</answer>"", ""<answer>[1]</answer>"", ""<answer>[2]</answer>"", ""<answer>[2]</answer>"", ""<answer>[4]</answer>"", ""<answer>[2]</answer>"", ""<answer>[2]</answer>""]",64,5189
1113437,3,,"[""<answer>[1]</answer>"", ""<answer>[1]</answer>"", ""<answer>[5]</answer>"", ""<answer>[1]</answer>"", ""The most relevant document is:\n<answer>[1]</answer>"", ""<answer>[2]</answer>"", ""<answer>[1]</answer>"", ""<answer>[1]</answer>""]",70,5218
1113437,4,,"[""<answer>[8]</answer>"", ""<answer>[2]</answer>"", ""<answer>[2]</answer>"", ""<answer>[3]</answer>"", ""<answer>[1]</answer>"", ""<answer>[1]</answer>"", ""<answer>[3]</answer>"", ""<answer>[1]</answer>""]",64,5265
1114646,0,,"[""<answer>[1]</answer>"", ""<answer>[2]</answer>"", ""<answer>[1]</answer>"", ""<answer>[2]</answer>"", ""<answer>[1]</answer>"", ""<answer>[3]</answer>"", ""<answer>[1]</answer>"", ""<answer>[2]</answer>""]",64,4029
1114646,1,,"[""<answer>[1]</answer>"", ""<answer>[1]</answer>\n\nThe first document is the most relevant to the query \""what is famvir prescribed for\"" as it provides detailed information on the uses of famciclovir (Famvir), including the specific conditions it is prescribed for."", ""<answer>[1]</answer>"", ""<answer>[2]</answer>"", ""<answer>[1]</answer>"", ""<answer>[2]</answer>"", ""<answer>[1]</answer>"", ""<answer>[2]</answer>""]",110,3936
1114646,2,,"[""<answer>[4]</answer>"", ""<answer>[6]</answer>"", ""<answer>[2]</answer>"", ""<answer>[6]</answer>"", ""<answer>[1]</answer>"", ""<answer>[3]</answer>"", ""<answer>[1]</answer>"", ""<answer>[1]</answer>""]",64,3865
1114646,3,,"[""<answer>[2]</answer>"", ""<answer>[1]</answer>"", ""<answer>[1]</answer>"", ""<answer>[1]</answer>."", ""<answer>[3]</answer>"", ""<answer>[4]</answer>\n\nThe document in [4] is the most relevant because it provides the most comprehensive list of conditions for which Famvir is prescribed, including both herpes simplex infections and the context of weakened immune systems."", ""<answer>[2]</answer>"", ""<answer>[1]</answer>""]",103,3856
1114646,4,,"[""<answer>[1]</answer>"", ""<answer>[3]</answer>"", ""<answer>[1]</answer>"", ""<answer>[3]</answer>"", ""<answer>[2]</answer>"", ""<answer>[3]</answer>"", ""<answer>[2]</answer>"", ""<answer>[1]</answer>""]",64,3846
1114819,0,,"[""<answer>[1]</answer>"", ""<answer>[8]</answer>"", ""<answer>[5]</answer>"", ""<answer>[1]</answer>"", ""<answer>[1]</answer>"", ""<answer>[2]</answer>"", ""<answer>[2]</answer>"", ""<answer>[1]</answer>""]",64,4078
1114819,1,,"[""<answer>[2]</answer>"", ""<answer>[6]</answer>"", ""<answer>[5]</answer>"", ""<answer>[1]</answer>"", ""<answer>[3]</answer>"", ""<answer>[1]</answer>"", ""<answer>[1]</answer>"", ""<answer>[2]</answer>""]",64,3965
1114819,2,,"[""<answer>[2]</answer>"", ""<answer>[8]</answer>"", ""<answer>[6]</answer>"", ""<answer>[5]</answer>"", ""<answer>[5]</answer>"", ""<answer>[2]</answer>"", ""<answer>[1]</answer>"", ""<answer>[1]</answer>""]",64,3938
1114819,3,,"[""<answer>[3]</answer>"", ""<answer>[1]</answer>"", ""<answer>[1]</answer>"", ""<answer>[3]</answer>"", ""<answer>[1]</answer>"", ""<answer>[1]</answer>"", ""<answer>[2]</answer>"", ""<answer>[2]</answer>""]",64,3973
1114819,4,,"[""<answer>[1]</answer>"", ""<answer>[7]</answer>"", ""<answer>[1]</answer>"", ""<answer>[1]</answer>"", ""<answer>[1]</answer>"", ""<answer>[1]</answer>"", ""<answer>[1]</answer>"", ""<answer>[1]</answer>""]",64,3973
1115776,0,,"[""<answer>[6]</answer>"", ""<answer>[1]</answer>"", ""<answer>[5]</answer>"", ""<answer>[2]</answer>"", ""<answer>[2]</answer>"", ""<answer>[4]</answer>"", ""<answer>[3]</answer>"", ""<answer>[1]</answer>""]",64,3674
1115776,1,,"[""<answer>[8]</answer>"", ""<answer>[2]</answer>"", ""<answer>[2]</answer>"", ""<answer>[5]</answer>"", ""<answer>[3]</answer>"", ""<answer>[3]</answer>"", ""<answer>[3]</answer>"", ""<answer>[1]</answer>""]",64,3647
1115776,2,,"[""<answer>[7]</answer>"", ""<answer>[3]</answer>"", ""<answer>[3]</answer>"", ""<answer>[5]</answer>"", ""<answer>[3]</answer>"", ""<answer>[2]</answer>"", ""<answer>[3]</answer>"", ""<answer>[1] </answer>""]",65,3600
1115776,3,,"[""<answer>[7]</answer>"", ""<answer>[5]</answer>. This document mentions \""Aml Surveillance Analyst jobs\"" directly, making it the most relevant to the query \""what is an aml surveillance analyst\""."", ""<answer>[2]</answer>"", ""<answer>[2]</answer>"", ""<answer>[3]</answer>"", ""<answer>[2]</answer>"", ""<answer>[1]</answer>"", ""<answer>[2]</answer>""]",94,3650
1115776,4,,"[""<answer>[6]</answer>"", ""<answer>[5]</answer>"", ""Based on the provided documents, the most relevant to the query \""what is an AML surveillance analyst\"" is:\n\n<answer>[3]</answer>"", ""<answer>[5]</answer>"", ""<answer>[2]</answer>"", ""<answer>[4]</answer>"", ""<answer>[2]</answer>"", ""<answer>[1]</answer>""]",86,3572
1117099,0,,"[""<answer>[1]</answer>"", ""<answer>[1]</answer>"", ""<answer>[1]</answer>"", ""<answer>[2]</answer>"", ""<answer>[1]</answer>"", ""<answer>[1]</answer>"", ""<answer>[1]</answer>"", ""<answer>[1]</answer>""]",64,4206
1117099,1,,"[""<answer>[1]</answer>"", ""<answer>[1]</answer>"", ""<answer>[1]</answer>"", ""<answer>[2]</answer>"", ""<answer>[4]</answer>"", ""<answer>[1]</answer>"", ""<answer>[1]</answer>"", ""<answer>[1]</answer>""]",64,4019
1117099,2,,"[""<answer>[1]</answer>"", ""<answer>[1]</answer>"", ""<answer>[1]</answer>"", ""<answer>[6]</answer>"", ""<answer>[1]</answer>"", ""<answer>[1]</answer>"", ""<answer>[1]</answer>"", ""<answer>[1]</answer>""]",64,4036
1117099,3,,"[""<answer>[4]</answer>"", ""<answer>[1]</answer>"", ""<answer>[1]</answer>"", ""<answer>[1]</answer>"", ""<answer>[4]</answer>"", ""<answer>[1]</answer>"", ""<answer>[3]</answer>"", ""<answer>[1]</answer>""]",64,3988
1117099,4,,"[""<answer>[2]</answer>"", ""<answer>[2]</answer>"", ""<answer>[2]</answer>"", ""<answer>[5]</answer>."", ""<answer>[1]</answer>"", ""<answer>[1]</answer>"", ""<answer>[1]</answer>"", ""<answer>[1]</answer>""]",64,4136
1121402,0,,"[""<answer>[1]</answer>"", ""<answer>[1]</answer>"", ""<answer>[1]</answer>"", ""<answer>[4]</answer>"", ""<answer>[3]</answer>"", ""<answer>[1]</answer>"", ""<answer>[2]</answer>"", ""<answer>[2]</answer>""]",64,4424
1121402,1,,"[""<answer>[1]</answer>"", ""<answer>[1]</answer>"", ""<answer>[2]</answer>"", ""<answer>[1]</answer>"", ""<answer>[1]</answer>"", ""<answer>[1]</answer>"", ""<answer>[3]</answer>"", ""<answer>[2]</answer>.""]",64,4490
1121402,2,,"[""<answer>[1]</answer>"", ""<answer>[6]</answer>"", ""<answer>[1]</answer>"", ""<answer>[1]</answer>"", ""<answer>[1]</answer>"", ""<answer>[1]</answer>"", ""<answer>[1]</answer>"", ""<answer>[1]</answer>""]",64,4449
1121402,3,,"[""<answer>[2]</answer>"", ""<answer>[1]</answer>"", ""<answer>[1]</answer>"", ""<answer>[2]</answer>"", ""<answer>[1]</answer>"", ""<answer>[2]</answer>"", ""<answer>[2]</answer>"", ""<answer>[1]</answer>""]",64,4463
1121402,4,,"[""<answer>[1]</answer>"", ""<answer>[2]</answer>."", ""<answer>[1]</answer>"", ""<answer>[1]</answer>"", ""<answer>[3]</answer>"", ""<answer>[2]</answer>"", ""<answer>[3]</answer>"", ""<answer>[2]</answer>""]",64,4411
1121709,0,,"[""<answer>[2]</answer>"", ""<answer>[2]</answer>"", ""<answer>[5]</answer>"", ""<answer>[1]</answer>"", ""<answer>[2]</answer>"", ""<answer>[4]</answer>"", ""<answer>[2]</answer>"", ""<answer>[2]</answer>""]",64,3863
1121709,1,,"[""<answer>[2]</answer>"", ""<answer>[7]</answer>"", ""<answer>[2]</answer>"", ""<answer>[1]</answer>"", ""<answer>[4]</answer>"", ""<answer>[1]</answer>"", ""<answer>[1]</answer>"", ""<answer>[1]</answer>""]",64,3719
1121709,2,,"[""<answer>[5]</answer>"", ""<answer>[6]</answer>"", ""<answer>[1]</answer>"", ""<answer>[2]</answer>"", ""<answer>[1]</answer>"", ""<answer>[4]</answer>"", ""<answer>[1]</answer>"", ""<answer>[1]</answer>""]",64,3823
1121709,3,,"[""<answer>[2]</answer>"", ""<answer>[2]</answer>"", ""<answer>[3]</answer>"", ""<answer>[1]</answer>"", ""<answer>[5]</answer>"", ""<answer>[3]</answer>"", ""<answer>[1]</answer>"", ""<answer>[1]</answer>""]",64,3719
1121709,4,,"[""<answer>[2]</answer>"", ""<answer>[1]</answer>"", ""<answer>[1]</answer>"", ""<answer>[4]</answer>"", ""<answer>[1]</answer>"", ""<answer>[2]</answer>"", ""<answer>[1]</answer>"", ""<answer>[2]</answer>""]",64,3828
1124210,0,,"[""<answer>[2]</answer>"", ""<answer>[2]</answer>"", ""<answer>[2]</answer>"", ""<answer>[4]</answer>"", ""<answer>[3]</answer>"", ""<answer>[2]</answer>"", ""<answer>[2]</answer>"", ""<answer>[2]</answer>""]",64,4359
1124210,1,,"[""<answer>[9]</answer>"", ""<answer>[5]</answer>"", ""<answer>[1]</answer>"", ""<answer>[5]</answer>"", ""<answer>[3]</answer>"", ""<answer>[2]</answer>"", ""<answer>[3]</answer>"", ""<answer>[2]</answer>""]",64,4387
1124210,2,,"[""<answer>[9]</answer>"", ""<answer>[5]</answer>"", ""<answer>[6]</answer>"", ""<answer>[2]</answer>"", ""<answer>[5]</answer>"", ""<answer>[2]</answer>"", ""<answer>[1]</answer>"", ""<answer>[2]</answer>""]",64,4351
1124210,3,,"[""<answer>[4]</answer>"", ""<answer>[4]</answer>"", ""<answer>[1]</answer>"", ""<answer>[6]</answer>"", ""<answer>[1]</answer>"", ""<answer>[4]</answer>"", ""<answer>[1]</answer>"", ""<answer>[1]</answer>""]",64,4410
1124210,4,,"[""<answer>[2]</answer>"", ""<answer>[2]</answer>"", ""<answer>[1]</answer>"", ""<answer>[5]</answer>"", ""<answer>[2]</answer>"", ""<answer>[3]</answer>"", ""Based on the query \""tracheids are part of _____,\"" the most relevant document is the one that directly discusses what tracheids are part of. Document [3] explicitly states that tracheids are part of the xylem.\n\n<answer>[3]</answer>"", ""<answer>[2]</answer>""]",111,4388
1129237,0,,"[""<answer>[1]</answer>"", ""<answer>[1]</answer>"", ""<answer>[6]</answer>"", ""<answer>[5]</answer>"", ""<answer>[1]</answer>"", ""<answer>[4]</answer>"", ""<answer>[2]</answer>"", ""<answer>[2]</answer>""]",64,4373
1129237,1,,"[""<answer>[4]</answer>"", ""<answer>[1]</answer>"", ""<answer>[1]</answer>"", ""<answer>[6]</answer>"", ""<answer>[5]</answer>"", ""<answer>[3]</answer>"", ""<answer>[1]</answer>"", ""<answer>[2]</answer>""]",64,4501
1129237,2,,"[""<answer>[1]</answer>"", ""<answer>[2]</answer>"", ""<answer>[1]</answer>"", ""<answer>[2]</answer>"", ""<answer>[1]</answer>"", ""<answer>[1]</answer>"", ""<answer>[3]</answer>"", ""<answer>[2]</answer>""]",64,4298
1129237,3,,"[""<answer>[1]</answer>"", ""<answer>[1]</answer>"", ""<answer>[2]</answer>"", ""<answer>[5]</answer>"", ""<answer>[1]</answer>"", ""<answer>[2]</answer>"", ""<answer>[2]</answer>"", ""<answer>[2]</answer>""]",64,4226
1129237,4,,"[""<answer>[2]</answer>"", ""<answer>[2]</answer>"", ""<answer>[1] </answer>"", ""<answer>[6]</answer>"", ""<answer>[2]</answer>"", ""<answer>[1]</answer>"", ""<answer>[1]</answer>"", ""<answer>[1]</answer>""]",65,4321
1133167,0,,"[""<answer>[1]</answer>"", ""<answer>[2]</answer>"", ""<answer>[5]</answer>"", ""<answer>[1]</answer>"", ""<answer>\n[1]\n</answer>"", ""<answer>[1]</answer>"", ""<answer>[2]</answer>"", ""<answer>[1]</answer>""]",66,4117
1133167,1,,"[""<answer>[8]</answer>"", ""To determine the most relevant document to the query \""how is the weather in Jamaica,\"" we need to identify the document that best provides a general overview of the weather conditions in Jamaica.\n\nThe query is broad and seeks general information about the weather in Jamaica. Document [2] provides a concise and general overview of the climate in Jamaica, stating that it is tropical and humid with warm to hot temperatures all year round. It also mentions the average temperature range, which is relevant to the query.\n\n<answer>[2]</answer>"", ""<answer>[4]</answer>"", ""<answer>[1]</answer>"", ""<answer>[1]</answer>"", ""<answer>[2]</answer>"", ""<answer>[2]</answer>"", ""<answer>[1]</answer>""]",161,4233
1133167,2,,"[""<answer>[1]</answer>"", ""<answer>[4]</answer>"", ""<answer>[2]</answer>"", ""<answer>[1]</answer>"", ""<answer>[2]</answer>"", ""<answer>[1]</answer>"", ""<answer>[1]</answer>"", ""<answer>[1]</answer>""]",64,4249
1133167,3,,"[""<answer>[1]</answer>"", ""<answer>[1]</answer>"", ""<answer>[1]</answer>"", ""<answer>[1]</answer>"", ""<answer>[2]</answer>"", ""<answer>[1]</answer>"", ""<answer>[1]</answer>"", ""<answer>[1]</answer>""]",64,4290
1133167,4,,"[""<answer>[2]</answer>"", ""<answer>[2]</answer>"", ""<answer>[1]</answer>"", ""<answer>[1]</answer>"", ""<answer>[1]</answer>"", ""<answer>[1]</answer>"", ""<answer>[3]</answer>"", ""<answer>[1]</answer>""]",64,4204
