method_name,stage,predictor,tpr_hurt,tpr_benefit,acc,auc,gamma,gamma_p,rho,rho_p,n_queries,n_hurt,n_benefit,timestamp,h_label,h_pred
Pairwise-Qwen-7B-DCG,posthoc,pairwise Qwen2.5-7B-Instruct DCG,0.1,0.7778,0.4211,0.4444,-0.0952,0.5874,0.0229,0.8872,38,20,18,2026-03-10T13:40:23.817458+00:00,0.0,0.0
Pairwise-Qwen-7B-MRR,posthoc,pairwise Qwen2.5-7B-Instruct MRR,0.1,0.7778,0.4211,0.4569,-0.0783,0.6613,0.0433,0.7882,38,20,18,2026-03-10T13:40:24.192763+00:00,0.0,0.0
Pairwise-Qwen-7B-Majority@k,posthoc,pairwise Qwen2.5-7B-Instruct Majority@k,0.15,0.5,0.3158,0.4569,-0.118,0.5984,0.0187,0.9075,38,20,18,2026-03-10T13:40:24.474315+00:00,0.0,0.0
Pairwise-Qwen-14B-DCG,posthoc,pairwise Qwen2.5-14B-Instruct DCG,0.7,0.6667,0.6842,0.7347,0.3996,0.02,0.3853,0.0129,38,20,18,2026-03-10T13:40:24.804320+00:00,0.0,0.0
Pairwise-Qwen-14B-MRR,posthoc,pairwise Qwen2.5-14B-Instruct MRR,0.7,0.6667,0.6842,0.7458,0.4165,0.015,0.4068,0.0083,38,20,18,2026-03-10T13:40:25.099821+00:00,0.0,0.0
Pairwise-Qwen-14B-Majority@k,posthoc,pairwise Qwen2.5-14B-Instruct Majority@k,0.6,0.6667,0.6316,0.7694,0.5749,0.003,0.5219,0.0005,38,20,18,2026-03-10T13:40:25.395129+00:00,0.0,0.0
Setwise-Qwen-7B-DCG,posthoc,setwise Qwen2.5-7B-Instruct DCG,0.6,0.6667,0.6316,0.7,0.3602,0.029,0.3952,0.0105,38,20,18,2026-03-10T13:40:25.710511+00:00,0.0,0.0
Setwise-Qwen-7B-MRR,posthoc,setwise Qwen2.5-7B-Instruct MRR,0.6,0.6667,0.6316,0.7,0.3615,0.03,0.4015,0.0093,38,20,18,2026-03-10T13:40:26.012563+00:00,0.0,0.0
Setwise-Qwen-7B-Majority@k,posthoc,setwise Qwen2.5-7B-Instruct Majority@k,0.4,0.5,0.4474,0.5583,0.1832,0.3497,0.2756,0.0852,38,20,18,2026-03-10T13:40:26.304428+00:00,0.0,0.0
Setwise-Qwen-14B-DCG,posthoc,setwise Qwen2.5-14B-Instruct DCG,0.75,0.6111,0.6842,0.7167,0.3924,0.027,0.377,0.0151,38,20,18,2026-03-10T13:40:26.611306+00:00,0.0,0.0
Setwise-Qwen-14B-MRR,posthoc,setwise Qwen2.5-14B-Instruct MRR,0.75,0.6111,0.6842,0.7194,0.3966,0.024,0.3973,0.0101,38,20,18,2026-03-10T13:40:26.927567+00:00,0.0,0.0
Setwise-Qwen-14B-Majority@k,posthoc,setwise Qwen2.5-14B-Instruct Majority@k,0.65,0.5,0.5789,0.7347,0.5345,0.008,0.4778,0.0016,38,20,18,2026-03-10T13:40:27.226716+00:00,0.0,0.0
Setwise-R1-7B-DCG,posthoc,setwise Qwen2.5-7B-Instruct DCG,0.65,0.5556,0.6053,0.7,0.3586,0.036,0.4145,0.0071,38,20,18,2026-03-10T13:40:27.533305+00:00,0.0,0.0
Setwise-R1-7B-MRR,posthoc,setwise Qwen2.5-7B-Instruct MRR,0.65,0.5556,0.6053,0.7014,0.3742,0.027,0.4247,0.0056,38,20,18,2026-03-10T13:40:27.854250+00:00,0.0,0.0
Setwise-R1-7B-Majority@k,posthoc,setwise Qwen2.5-7B-Instruct Majority@k,0.55,0.5556,0.5526,0.7375,0.4976,0.011,0.5092,0.0007,38,20,18,2026-03-10T13:40:28.165698+00:00,0.0,0.0
Setwise-R1-14B-DCG,posthoc,setwise Qwen2.5-14B-Instruct DCG,0.8,0.6667,0.7368,0.75,0.4515,0.007,0.4749,0.0017,38,20,18,2026-03-10T13:40:28.476821+00:00,0.0,0.0
Setwise-R1-14B-MRR,posthoc,setwise Qwen2.5-14B-Instruct MRR,0.8,0.6667,0.7368,0.7583,0.4715,0.006,0.5029,0.0008,38,20,18,2026-03-10T13:40:28.794325+00:00,0.0,0.0
Setwise-R1-14B-Majority@k,posthoc,setwise Qwen2.5-14B-Instruct Majority@k,0.7,0.5556,0.6316,0.7653,0.5561,0.003,0.5113,0.0006,38,20,18,2026-03-10T13:40:29.115550+00:00,0.0,0.0
Setwise-SFT-7B-DCG,posthoc,setwise Qwen2.5-7B-Instruct DCG,0.85,0.6111,0.7368,0.7417,0.4262,0.012,0.4724,0.0018,38,20,18,2026-03-10T13:40:29.432415+00:00,0.0,0.0
Setwise-SFT-7B-MRR,posthoc,setwise Qwen2.5-7B-Instruct MRR,0.9,0.6111,0.7632,0.7417,0.4388,0.011,0.4829,0.0014,38,20,18,2026-03-10T13:40:29.738512+00:00,0.0,0.0
Setwise-SFT-7B-Majority@k,posthoc,setwise Qwen2.5-7B-Instruct Majority@k,0.65,0.3889,0.5263,0.6764,0.5537,0.004,0.5213,0.0007,38,20,18,2026-03-10T13:40:30.026381+00:00,0.0,0.0
Setwise-SFT-14B-DCG,posthoc,setwise Qwen2.5-14B-Instruct DCG,0.9,0.5556,0.7368,0.7042,0.3488,0.034,0.3722,0.0166,38,20,18,2026-03-10T13:40:30.345493+00:00,0.0,0.0
Setwise-SFT-14B-MRR,posthoc,setwise Qwen2.5-14B-Instruct MRR,0.9,0.5556,0.7368,0.7153,0.3742,0.022,0.3922,0.0112,38,20,18,2026-03-10T13:40:30.649168+00:00,0.0,0.0
Setwise-SFT-14B-Majority@k,posthoc,setwise Qwen2.5-14B-Instruct Majority@k,0.65,0.4444,0.5526,0.7097,0.5116,0.01,0.5025,0.001,38,20,18,2026-03-10T13:40:30.969645+00:00,0.0,0.0
SC-Pairwise-Qwen-7B-DCG,posthoc-sc,SC pairwise Qwen2.5-7B-Instruct DCG,0.15,0.7222,0.4211,0.4333,-0.1064,0.5415,-0.0194,0.904,38,20,18,2026-03-10T13:40:31.268026+00:00,0.0,0.0
SC-Pairwise-Qwen-7B-MRR,posthoc-sc,SC pairwise Qwen2.5-7B-Instruct MRR,0.15,0.7222,0.4211,0.45,-0.0809,0.6563,0.02,0.901,38,20,18,2026-03-10T13:40:31.584992+00:00,0.0,0.0
SC-Pairwise-Qwen-7B-Majority@k,posthoc-sc,SC pairwise Qwen2.5-7B-Instruct Majority@k,0.25,0.5556,0.3947,0.4972,-0.0169,0.9141,0.0526,0.744,38,20,18,2026-03-10T13:40:32.044136+00:00,0.0,0.0
SC-Pairwise-Qwen-14B-DCG,posthoc-sc,SC pairwise Qwen2.5-14B-Instruct DCG,0.7,0.7222,0.7105,0.7583,0.4346,0.01,0.4286,0.0052,38,20,18,2026-03-10T13:40:32.507262+00:00,0.0,0.0
SC-Pairwise-Qwen-14B-MRR,posthoc-sc,SC pairwise Qwen2.5-14B-Instruct MRR,0.7,0.7222,0.7105,0.7694,0.4473,0.008,0.454,0.0029,38,20,18,2026-03-10T13:40:32.850712+00:00,0.0,0.0
SC-Pairwise-Qwen-14B-Majority@k,posthoc-sc,SC pairwise Qwen2.5-14B-Instruct Majority@k,0.7,0.7222,0.7105,0.8194,0.625,0.001,0.5857,0.0001,38,20,18,2026-03-10T13:40:33.161697+00:00,0.0,0.0
SC-Setwise-Qwen-7B-DCG,posthoc-sc,SC setwise Qwen2.5-7B-Instruct DCG,0.7,0.5556,0.6316,0.725,0.3966,0.015,0.4643,0.0022,38,20,18,2026-03-10T13:40:33.509798+00:00,0.0,0.0
SC-Setwise-Qwen-7B-MRR,posthoc-sc,SC setwise Qwen2.5-7B-Instruct MRR,0.7,0.5556,0.6316,0.7361,0.4093,0.013,0.4774,0.0016,38,20,18,2026-03-10T13:40:33.857624+00:00,0.0,0.0
SC-Setwise-Qwen-7B-Majority@k,posthoc-sc,SC setwise Qwen2.5-7B-Instruct Majority@k,0.7,0.6111,0.6579,0.7097,0.4031,0.021,0.4473,0.0034,38,20,18,2026-03-10T13:40:34.206849+00:00,0.0,0.0
SC-Setwise-Qwen-14B-DCG,posthoc-sc,SC setwise Qwen2.5-14B-Instruct DCG,0.8,0.6111,0.7105,0.7611,0.4515,0.008,0.4651,0.0022,38,20,18,2026-03-10T13:40:34.628610+00:00,0.0,0.0
SC-Setwise-Qwen-14B-MRR,posthoc-sc,SC setwise Qwen2.5-14B-Instruct MRR,0.8,0.6111,0.7105,0.7694,0.4726,0.005,0.4826,0.0014,38,20,18,2026-03-10T13:40:34.929929+00:00,0.0,0.0
SC-Setwise-Qwen-14B-Majority@k,posthoc-sc,SC setwise Qwen2.5-14B-Instruct Majority@k,0.75,0.5556,0.6579,0.7306,0.4329,0.015,0.482,0.0014,38,20,18,2026-03-10T13:40:35.254031+00:00,0.0,0.0
SC-Setwise-R1-7B-DCG,posthoc-sc,SC setwise Qwen2.5-7B-Instruct DCG,0.85,0.6111,0.7368,0.7361,0.4262,0.007,0.4637,0.0023,38,20,18,2026-03-10T13:40:35.607548+00:00,0.0,0.0
SC-Setwise-R1-7B-MRR,posthoc-sc,SC setwise Qwen2.5-7B-Instruct MRR,0.85,0.6111,0.7368,0.75,0.4684,0.002,0.489,0.0012,38,20,18,2026-03-10T13:40:36.059730+00:00,0.0,0.0
SC-Setwise-R1-7B-Majority@k,posthoc-sc,SC setwise Qwen2.5-7B-Instruct Majority@k,0.75,0.6111,0.6842,0.7417,0.4557,0.01,0.5036,0.0008,38,20,18,2026-03-10T13:40:36.519683+00:00,0.0,0.0
SC-Setwise-R1-14B-DCG,posthoc-sc,SC setwise Qwen2.5-14B-Instruct DCG,0.8,0.6111,0.7105,0.8028,0.519,0.002,0.5149,0.0006,38,20,18,2026-03-10T13:40:36.885151+00:00,0.0,0.0
SC-Setwise-R1-14B-MRR,posthoc-sc,SC setwise Qwen2.5-14B-Instruct MRR,0.8,0.6111,0.7105,0.7944,0.519,0.002,0.5222,0.0005,38,20,18,2026-03-10T13:40:37.348761+00:00,0.0,0.0
SC-Setwise-R1-14B-Majority@k,posthoc-sc,SC setwise Qwen2.5-14B-Instruct Majority@k,0.85,0.7222,0.7895,0.8111,0.5913,0.001,0.5642,0.0001,38,20,18,2026-03-10T13:40:37.722457+00:00,0.0,0.0
SC-Setwise-SFT-7B-DCG,posthoc-sc,SC setwise Qwen2.5-7B-Instruct DCG,0.85,0.4444,0.6579,0.7194,0.3966,0.025,0.4279,0.0053,38,20,18,2026-03-10T13:40:38.142348+00:00,0.0,0.0
SC-Setwise-SFT-7B-MRR,posthoc-sc,SC setwise Qwen2.5-7B-Instruct MRR,0.85,0.3889,0.6316,0.7194,0.3882,0.029,0.4361,0.0044,38,20,18,2026-03-10T13:40:38.458730+00:00,0.0,0.0
SC-Setwise-SFT-7B-Majority@k,posthoc-sc,SC setwise Qwen2.5-7B-Instruct Majority@k,0.85,0.5,0.6842,0.8319,0.6223,0.001,0.6441,0.0,38,20,18,2026-03-10T13:40:38.768937+00:00,0.0,0.0
NED,prehoc,Named Entity Density,0.95,0.0,0.5,0.5556,0.2057,0.4416,0.1622,0.3111,38,20,18,2026-03-10T13:40:39.116275+00:00,0.0,0.0
IDF-Coverage,prehoc,IDF Coverage,0.0,1.0,0.4737,0.5389,0.0759,0.6583,0.1702,0.2872,38,20,18,2026-03-10T13:40:39.420405+00:00,0.0,0.0
QTC,prehoc,Query Term Coherence,1.0,0.0,0.5263,0.4389,-0.1013,0.5435,-0.2034,0.202,38,20,18,2026-03-10T13:40:39.728528+00:00,0.0,0.0
WIG,qpp,QPP-WIG,0.0,1.0,0.4737,0.5694,0.1181,0.4895,0.1878,0.2398,38,20,18,2026-03-10T13:40:40.046711+00:00,0.0,0.0
NQC,qpp,QPP-NQC,1.0,0.0,0.5263,0.4139,-0.1519,0.3716,-0.0787,0.6249,38,20,18,2026-03-10T13:40:40.363909+00:00,0.0,0.0
Clarity,qpp,QPP-Clarity,0.7,0.3333,0.5263,0.475,-0.038,0.8432,-0.0218,0.8925,38,20,18,2026-03-10T13:40:40.675069+00:00,0.0,0.0
SMV,qpp,QPP-SMV,0.0,1.0,0.4737,0.5833,0.1519,0.3886,0.1235,0.4416,38,20,18,2026-03-10T13:40:40.970814+00:00,0.0,0.0
TDC,prehoc,Top-k Doc Coherence,0.15,0.8889,0.5,0.5444,0.0802,0.6324,0.1648,0.3033,38,20,18,2026-03-10T13:40:41.361924+00:00,0.0,0.0
SC-Setwise-SFT-14B-DCG,posthoc-sc,SC setwise Qwen2.5-14B-Instruct DCG,0.85,0.5556,0.7105,0.6833,0.3291,0.0569,0.453,0.0029,38,20,18,2026-03-10T13:40:41.693292+00:00,0.0,0.0
SC-Setwise-SFT-14B-MRR,posthoc-sc,SC setwise Qwen2.5-14B-Instruct MRR,0.85,0.5556,0.7105,0.6972,0.3544,0.038,0.4797,0.0015,38,20,18,2026-03-10T13:40:41.998095+00:00,0.0,0.0
SC-Setwise-SFT-14B-Majority@k,posthoc-sc,SC setwise Qwen2.5-14B-Instruct Majority@k,0.85,0.5556,0.7105,0.7347,0.4397,0.009,0.4918,0.0011,38,20,18,2026-03-10T13:40:42.352734+00:00,0.0,0.0
Pairwise-Qwen-72B-DCG,posthoc,Qwen-72B pairwise DCG,0.55,0.7778,0.6579,0.7194,0.4051,0.015,0.4003,0.0095,38,20,18,2026-03-10T13:40:42.656630+00:00,0.0,0.0
Pairwise-Qwen-72B-MRR,posthoc,Qwen-72B pairwise MRR,0.55,0.7778,0.6579,0.7389,0.4388,0.012,0.4347,0.0045,38,20,18,2026-03-10T13:40:42.973897+00:00,0.0,0.0
Pairwise-Qwen-72B-Majority@k,posthoc,Qwen-72B pairwise Majority@k,0.5,0.6111,0.5526,0.7611,0.5474,0.005,0.5538,0.0002,38,20,18,2026-03-10T13:40:43.280672+00:00,0.0,0.0
Setwise-Qwen-72B-DCG,posthoc,Qwen-72B setwise DCG,0.7,0.6111,0.6579,0.6833,0.3418,0.047,0.399,0.0098,38,20,18,2026-03-10T13:40:43.612208+00:00,0.0,0.0
Setwise-Qwen-72B-MRR,posthoc,Qwen-72B setwise MRR,0.65,0.6111,0.6316,0.6889,0.3502,0.044,0.4081,0.0081,38,20,18,2026-03-10T13:40:43.928449+00:00,0.0,0.0
Setwise-Qwen-72B-Majority@k,posthoc,Qwen-72B setwise Majority@k,0.45,0.5556,0.5,0.7069,0.641,0.003,0.5928,0.0001,38,20,18,2026-03-10T13:40:44.203748+00:00,0.0,0.0
R1-7b-DCG,posthoc,Rank-R1 7b DCG,0.7,0.6667,0.6842,0.7403,0.4545,0.008,0.4746,0.0017,38,20,18,2026-03-10T13:40:44.605337+00:00,0.0,0.0
SC-Pairwise-Qwen-72B-DCG,posthoc-sc,SC Qwen-72B pairwise DCG,0.55,0.7222,0.6316,0.7111,0.3797,0.031,0.4139,0.0071,38,20,18,2026-03-10T13:40:44.927115+00:00,0.0,0.0
SC-Pairwise-Qwen-72B-MRR,posthoc-sc,SC Qwen-72B pairwise MRR,0.55,0.7222,0.6316,0.7222,0.4093,0.018,0.4391,0.0041,38,20,18,2026-03-10T13:40:45.259965+00:00,0.0,0.0
SC-Pairwise-Qwen-72B-Majority@k,posthoc-sc,SC Qwen-72B pairwise Majority@k,0.55,0.6667,0.6053,0.7806,0.549,0.004,0.5704,0.0001,38,20,18,2026-03-10T13:40:45.620294+00:00,0.0,0.0
SC-Setwise-Qwen-72B-DCG,posthoc-sc,SC Qwen-72B setwise DCG,0.6,0.6111,0.6053,0.6472,0.2743,0.1049,0.3634,0.0195,38,20,18,2026-03-10T13:40:45.926735+00:00,0.0,0.0
SC-Setwise-Qwen-72B-MRR,posthoc-sc,SC Qwen-72B setwise MRR,0.6,0.6111,0.6053,0.6556,0.2869,0.0949,0.3852,0.0129,38,20,18,2026-03-10T13:40:46.224757+00:00,0.0,0.0
SC-Setwise-Qwen-72B-Majority@k,posthoc-sc,SC Qwen-72B setwise Majority@k,0.45,0.5556,0.5,0.6736,0.4307,0.019,0.4771,0.0019,38,20,18,2026-03-10T13:40:46.526591+00:00,0.0,0.0
R1-14b-DCG,posthoc,Rank-R1 14b DCG,0.75,0.7222,0.7368,0.7361,0.4008,0.015,0.4295,0.0051,38,20,18,2026-03-10T13:40:46.842698+00:00,0.0,0.0
R1-7b-sft-DCG,posthoc,Rank-R1 7b-sft DCG,0.75,0.6667,0.7105,0.7833,0.481,0.004,0.4072,0.0082,38,20,18,2026-03-10T13:40:47.158509+00:00,0.0,0.0
R1-14b-sft-DCG,posthoc,Rank-R1 14b-sft DCG,0.7,0.6111,0.6579,0.6458,0.26,0.1259,0.4039,0.0088,38,20,18,2026-03-10T13:40:47.476759+00:00,0.0,0.0
DR-R1-7b,posthoc,DR ensemble R1-7b,1.0,0.0,0.5263,0.7403,0.4545,0.008,0.4746,0.0017,38,20,18,2026-03-10T13:40:47.817761+00:00,0.0,0.0
DR-R1-14b,posthoc,DR ensemble R1-14b,1.0,0.0,0.5263,0.7306,0.3966,0.017,0.4245,0.0057,38,20,18,2026-03-10T13:40:48.163937+00:00,0.0,0.0
DR-R1-7b-sft,posthoc,DR ensemble R1-7b-sft,1.0,0.0,0.5263,0.7806,0.4768,0.004,0.4017,0.0092,38,20,18,2026-03-10T13:40:48.477063+00:00,0.0,0.0
DR-R1-14b-sft,posthoc,DR ensemble R1-14b-sft,1.0,0.0,0.5263,0.6458,0.26,0.1249,0.4035,0.0089,38,20,18,2026-03-10T13:40:48.796837+00:00,0.0,0.0
SC-Mean-Pairwise-72B,posthoc-sc,Self-Consistency SC-Mean-Pairwise-72B,0.5,0.7222,0.6053,0.7056,0.384,0.025,0.3954,0.0105,38,20,18,2026-03-10T13:40:49.146064+00:00,0.0,0.0
SC-SNR-Pairwise-72B,posthoc-sc,Self-Consistency SC-SNR-Pairwise-72B,0.2,0.7222,0.4474,0.3833,-0.2494,0.1668,-0.1441,0.3689,38,20,18,2026-03-10T13:40:49.466329+00:00,0.0,0.0
SC-DR-Pairwise-72B,posthoc-sc,Self-Consistency SC-DR-Pairwise-72B,0.55,0.7222,0.6316,0.7,0.3797,0.026,0.3959,0.0104,38,20,18,2026-03-10T13:40:49.777710+00:00,0.0,0.0
SC-Mean-Setwise-72B,posthoc-sc,Self-Consistency SC-Mean-Setwise-72B,0.65,0.6111,0.6316,0.6556,0.2911,0.0899,0.3655,0.0188,38,20,18,2026-03-10T13:40:50.090454+00:00,0.0,0.0
SC-SNR-Setwise-72B,posthoc-sc,Self-Consistency SC-SNR-Setwise-72B,0.25,0.7778,0.5,0.475,-0.0459,0.8232,-0.0559,0.7287,38,20,18,2026-03-10T13:40:50.474562+00:00,0.0,0.0
SC-DR-Setwise-72B,posthoc-sc,Self-Consistency SC-DR-Setwise-72B,0.7,0.5,0.6053,0.6306,0.2405,0.1568,0.334,0.0328,38,20,18,2026-03-10T13:40:50.771239+00:00,0.0,0.0
Pairwise-Qwen3-8B-DCG,posthoc,pairwise Qwen3-8B DCG,0.4,0.7778,0.5789,0.7083,0.3869,0.02,0.4642,0.0022,38,20,18,2026-03-10T13:40:51.082015+00:00,0.0,0.0
Pairwise-Qwen3-8B-MRR,posthoc,pairwise Qwen3-8B MRR,0.4,0.7778,0.5789,0.7056,0.3814,0.021,0.4572,0.0027,38,20,18,2026-03-10T13:40:51.385488+00:00,0.0,0.0
Pairwise-Qwen3-8B-Majority@k,posthoc,pairwise Qwen3-8B Majority@k,0.45,0.5556,0.5,0.6667,0.4398,0.025,0.4017,0.0102,38,20,18,2026-03-10T13:40:51.701783+00:00,0.0,0.0
Pairwise-Qwen3-14B-DCG,posthoc,pairwise Qwen3-14B DCG,0.1,0.7778,0.4211,0.4389,-0.1039,0.5634,0.0136,0.9327,38,20,18,2026-03-10T13:40:52.030086+00:00,0.0,0.0
Pairwise-Qwen3-14B-MRR,posthoc,pairwise Qwen3-14B MRR,0.1,0.7778,0.4211,0.4514,-0.0826,0.6503,0.0359,0.8234,38,20,18,2026-03-10T13:40:52.339618+00:00,0.0,0.0
Pairwise-Qwen3-14B-Majority@k,posthoc,pairwise Qwen3-14B Majority@k,0.1,0.5,0.2895,0.4444,-0.1526,0.4845,-0.0115,0.9432,38,20,18,2026-03-10T13:40:52.643148+00:00,0.0,0.0
Setwise-Qwen3-8B-DCG,posthoc,setwise Qwen3-8B DCG,0.65,0.6667,0.6579,0.75,0.4219,0.009,0.489,0.0012,38,20,18,2026-03-10T13:40:52.973983+00:00,0.0,0.0
Setwise-Qwen3-8B-MRR,posthoc,setwise Qwen3-8B MRR,0.65,0.6667,0.6579,0.7528,0.4346,0.008,0.5099,0.0007,38,20,18,2026-03-10T13:40:53.274059+00:00,0.0,0.0
Setwise-Qwen3-8B-Majority@k,posthoc,setwise Qwen3-8B Majority@k,0.45,0.5,0.4737,0.7181,0.4519,0.016,0.5215,0.0005,38,20,18,2026-03-10T13:40:53.598059+00:00,0.0,0.0
Setwise-Qwen3-14B-DCG,posthoc,setwise Qwen3-14B DCG,0.85,0.6667,0.7632,0.8,0.5359,0.001,0.5112,0.0006,38,20,18,2026-03-10T13:40:53.983194+00:00,0.0,0.0
Setwise-Qwen3-14B-MRR,posthoc,setwise Qwen3-14B MRR,0.85,0.6667,0.7632,0.8083,0.5518,0.001,0.5248,0.0004,38,20,18,2026-03-10T13:40:54.362292+00:00,0.0,0.0
Setwise-Qwen3-14B-Majority@k,posthoc,setwise Qwen3-14B Majority@k,0.55,0.3889,0.4737,0.7042,0.4467,0.032,0.4838,0.0014,38,20,18,2026-03-10T13:40:54.680950+00:00,0.0,0.0
Setwise-Qwen3-8B-Think-DCG,posthoc,setwise Qwen3-8B DCG,0.55,0.6111,0.5789,0.6222,0.2025,0.2517,0.2394,0.1316,38,20,18,2026-03-10T13:40:54.992480+00:00,0.0,0.0
Setwise-Qwen3-8B-Think-MRR,posthoc,setwise Qwen3-8B MRR,0.55,0.6111,0.5789,0.6194,0.2025,0.2398,0.2339,0.141,38,20,18,2026-03-10T13:40:55.298284+00:00,0.0,0.0
Setwise-Qwen3-8B-Think-Majority@k,posthoc,setwise Qwen3-8B Majority@k,0.4,0.5,0.4474,0.6264,0.2569,0.1858,0.2557,0.1066,38,20,18,2026-03-10T13:40:55.605105+00:00,0.0,0.0
Setwise-Qwen3-14B-Think-DCG,posthoc,setwise Qwen3-14B DCG,0.65,0.6667,0.6579,0.7639,0.4557,0.005,0.4296,0.0051,38,20,18,2026-03-10T13:40:55.921245+00:00,0.0,0.0
Setwise-Qwen3-14B-Think-MRR,posthoc,setwise Qwen3-14B MRR,0.65,0.6667,0.6579,0.7722,0.4641,0.005,0.4513,0.0031,38,20,18,2026-03-10T13:40:56.239846+00:00,0.0,0.0
Setwise-Qwen3-14B-Think-Majority@k,posthoc,setwise Qwen3-14B Majority@k,0.55,0.6111,0.5789,0.7833,0.5819,0.003,0.562,0.0001,38,20,18,2026-03-10T13:40:56.542469+00:00,0.0,0.0
Pointwise-Qwen3-Reranker-4B-DCG,posthoc,pointwise Qwen3-Reranker-4B DCG,0.7,0.5,0.6053,0.6833,0.3249,0.0579,0.4633,0.0023,38,20,18,2026-03-10T13:40:56.864147+00:00,0.0,0.0
Pointwise-Qwen3-Reranker-4B-MRR,posthoc,pointwise Qwen3-Reranker-4B MRR,0.7,0.5,0.6053,0.6861,0.3248,0.0549,0.4668,0.0021,38,20,18,2026-03-10T13:40:57.177875+00:00,0.0,0.0
Pointwise-Qwen3-Reranker-4B-Majority@k,posthoc,pointwise Qwen3-Reranker-4B Majority@k,0.6,0.3333,0.4737,0.6542,0.4076,0.046,0.4939,0.0012,38,20,18,2026-03-10T13:40:57.479350+00:00,0.0,0.0
Pointwise-Qwen3-Reranker-8B-DCG,posthoc,pointwise Qwen3-Reranker-8B DCG,0.8,0.6667,0.7368,0.7208,0.4038,0.016,0.5311,0.0004,38,20,18,2026-03-10T13:40:57.841205+00:00,0.0,0.0
Pointwise-Qwen3-Reranker-8B-MRR,posthoc,pointwise Qwen3-Reranker-8B MRR,0.8,0.6667,0.7368,0.7236,0.408,0.015,0.5351,0.0003,38,20,18,2026-03-10T13:40:58.164115+00:00,0.0,0.0
Pointwise-Qwen3-Reranker-8B-Majority@k,posthoc,pointwise Qwen3-Reranker-8B Majority@k,0.55,0.3889,0.4737,0.5653,0.3631,0.1109,0.479,0.0023,38,20,18,2026-03-10T13:40:58.434816+00:00,0.0,0.0
SC-Pairwise-Qwen3-8B-DCG,posthoc-sc,SC pairwise Qwen3-8B DCG,0.4,0.7778,0.5789,0.6861,0.3122,0.0619,0.4225,0.0059,38,20,18,2026-03-10T13:40:58.757438+00:00,0.0,0.0
SC-Pairwise-Qwen3-8B-MRR,posthoc-sc,SC pairwise Qwen3-8B MRR,0.4,0.7778,0.5789,0.6861,0.308,0.0649,0.4173,0.0066,38,20,18,2026-03-10T13:40:59.067431+00:00,0.0,0.0
SC-Pairwise-Qwen3-8B-Majority@k,posthoc-sc,SC pairwise Qwen3-8B Majority@k,0.45,0.6111,0.5263,0.6486,0.2791,0.1079,0.3364,0.0315,38,20,18,2026-03-10T13:40:59.382927+00:00,0.0,0.0
SC-Setwise-Qwen3-8B-DCG,posthoc-sc,SC setwise Qwen3-8B DCG,0.7,0.6667,0.6842,0.825,0.5738,0.001,0.6128,0.0,38,20,18,2026-03-10T13:40:59.814141+00:00,0.0,0.0
SC-Setwise-Qwen3-8B-MRR,posthoc-sc,SC setwise Qwen3-8B MRR,0.7,0.6667,0.6842,0.825,0.5738,0.001,0.6182,0.0,38,20,18,2026-03-10T13:41:00.146373+00:00,0.0,0.0
SC-Setwise-Qwen3-8B-Majority@k,posthoc-sc,SC setwise Qwen3-8B Majority@k,0.6,0.7222,0.6579,0.8181,0.576,0.002,0.6637,0.0,38,20,18,2026-03-10T13:41:00.461428+00:00,0.0,0.0
SC-Setwise-Qwen3-14B-DCG,posthoc-sc,SC setwise Qwen3-14B DCG,0.8,0.7222,0.7632,0.7694,0.481,0.004,0.5047,0.0008,38,20,18,2026-03-10T13:41:00.762018+00:00,0.0,0.0
SC-Setwise-Qwen3-14B-MRR,posthoc-sc,SC setwise Qwen3-14B MRR,0.8,0.6667,0.7368,0.7861,0.4979,0.003,0.5255,0.0004,38,20,18,2026-03-10T13:41:01.176894+00:00,0.0,0.0
SC-Setwise-Qwen3-14B-Majority@k,posthoc-sc,SC setwise Qwen3-14B Majority@k,0.7,0.7222,0.7105,0.7931,0.5643,0.001,0.608,0.0,38,20,18,2026-03-10T13:41:01.503841+00:00,0.0,0.0
Pairwise-Llama-8B-DCG,posthoc,pairwise Llama-3.1-8B-Instruct DCG,0.1,0.7778,0.4211,0.4389,-0.1039,0.5634,0.0136,0.9327,38,20,18,2026-03-10T13:41:01.803881+00:00,0.0,0.0
Pairwise-Llama-8B-MRR,posthoc,pairwise Llama-3.1-8B-Instruct MRR,0.1,0.7778,0.4211,0.4514,-0.0826,0.6503,0.0359,0.8234,38,20,18,2026-03-10T13:41:02.112285+00:00,0.0,0.0
Pairwise-Llama-8B-Majority@k,posthoc,pairwise Llama-3.1-8B-Instruct Majority@k,0.1,0.5,0.2895,0.4444,-0.1526,0.4845,-0.0115,0.9432,38,20,18,2026-03-10T13:41:02.432018+00:00,0.0,0.0
Pairwise-Mistral-7B-DCG,posthoc,pairwise Mistral-7B-Instruct-v0.3 DCG,0.1,0.7778,0.4211,0.4389,-0.1039,0.5634,0.0136,0.9327,38,20,18,2026-03-10T13:41:02.737719+00:00,0.0,0.0
Pairwise-Mistral-7B-MRR,posthoc,pairwise Mistral-7B-Instruct-v0.3 MRR,0.1,0.7778,0.4211,0.4514,-0.0826,0.6503,0.0359,0.8234,38,20,18,2026-03-10T13:41:03.101436+00:00,0.0,0.0
Pairwise-Mistral-7B-Majority@k,posthoc,pairwise Mistral-7B-Instruct-v0.3 Majority@k,0.1,0.5,0.2895,0.4444,-0.1526,0.4845,-0.0115,0.9432,38,20,18,2026-03-10T13:41:03.416363+00:00,0.0,0.0
Setwise-Mistral-7B-DCG,posthoc,setwise Mistral-7B-Instruct-v0.3 DCG,0.6,0.8333,0.7105,0.7472,0.4051,0.011,0.4181,0.0065,38,20,18,2026-03-10T13:41:03.764707+00:00,0.0,0.0
Setwise-Mistral-7B-MRR,posthoc,setwise Mistral-7B-Instruct-v0.3 MRR,0.6,0.8333,0.7105,0.7444,0.3924,0.011,0.4132,0.0073,38,20,18,2026-03-10T13:41:04.110544+00:00,0.0,0.0
Setwise-Mistral-7B-Majority@k,posthoc,setwise Mistral-7B-Instruct-v0.3 Majority@k,0.4,0.5,0.4474,0.7153,0.6068,0.004,0.5719,0.0001,38,20,18,2026-03-10T13:41:04.403687+00:00,0.0,0.0
Pairwise-RankZephyr-7B-DCG,posthoc,pairwise rank_zephyr_7b_v1_full DCG,0.1,0.7778,0.4211,0.4389,-0.1039,0.5634,0.0136,0.9327,38,20,18,2026-03-10T13:41:04.731813+00:00,0.0,0.0
Pairwise-RankZephyr-7B-MRR,posthoc,pairwise rank_zephyr_7b_v1_full MRR,0.1,0.7778,0.4211,0.4514,-0.0826,0.6503,0.0359,0.8234,38,20,18,2026-03-10T13:41:05.060894+00:00,0.0,0.0
Pairwise-RankZephyr-7B-Majority@k,posthoc,pairwise rank_zephyr_7b_v1_full Majority@k,0.1,0.5,0.2895,0.4444,-0.1526,0.4845,-0.0115,0.9432,38,20,18,2026-03-10T13:41:05.412715+00:00,0.0,0.0
Setwise-RankZephyr-7B-DCG,posthoc,setwise rank_zephyr_7b_v1_full DCG,0.1,0.7778,0.4211,0.4389,-0.1039,0.5634,0.0136,0.9327,38,20,18,2026-03-10T13:41:05.853696+00:00,0.0,0.0
Setwise-RankZephyr-7B-MRR,posthoc,setwise rank_zephyr_7b_v1_full MRR,0.1,0.7778,0.4211,0.4514,-0.0826,0.6503,0.0359,0.8234,38,20,18,2026-03-10T13:41:06.266936+00:00,0.0,0.0
Setwise-RankZephyr-7B-Majority@k,posthoc,setwise rank_zephyr_7b_v1_full Majority@k,0.1,0.5,0.2895,0.4444,-0.1526,0.4845,-0.0115,0.9432,38,20,18,2026-03-10T13:41:06.710263+00:00,0.0,0.0
SC-Setwise-Qwen3-8B-Think-DCG,posthoc-sc,SC setwise Qwen3-8B DCG,0.55,0.7778,0.6579,0.6917,0.3038,0.0849,0.3517,0.0241,38,20,18,2026-03-10T13:41:07.028607+00:00,0.0,0.0
SC-Setwise-Qwen3-8B-Think-MRR,posthoc-sc,SC setwise Qwen3-8B MRR,0.6,0.7222,0.6579,0.6778,0.2827,0.0969,0.3309,0.0346,38,20,18,2026-03-10T13:41:07.340464+00:00,0.0,0.0
SC-Setwise-Qwen3-8B-Think-Majority@k,posthoc-sc,SC setwise Qwen3-8B Majority@k,0.45,0.8333,0.6316,0.6917,0.3217,0.045,0.3206,0.041,38,20,18,2026-03-10T13:41:07.766011+00:00,0.0,0.0
Setwise-Llama-8B-DCG,posthoc,setwise Llama-3.1-8B-Instruct DCG,0.65,0.6111,0.6316,0.6472,0.2616,0.0999,0.2866,0.0693,38,20,18,2026-03-10T13:41:08.225381+00:00,0.0,0.0
Setwise-Llama-8B-MRR,posthoc,setwise Llama-3.1-8B-Instruct MRR,0.65,0.5556,0.6053,0.6486,0.2643,0.1029,0.2899,0.066,38,20,18,2026-03-10T13:41:08.679658+00:00,0.0,0.0
Setwise-Llama-8B-Majority@k,posthoc,setwise Llama-3.1-8B-Instruct Majority@k,0.45,0.5556,0.5,0.6597,0.3269,0.0849,0.3063,0.0514,38,20,18,2026-03-10T13:41:09.128102+00:00,0.0,0.0
SC-Pairwise-Llama-8B-DCG,posthoc-sc,SC pairwise Llama-3.1-8B-Instruct DCG,0.1,0.7778,0.4211,0.4389,-0.1039,0.5634,0.0136,0.9327,38,20,18,2026-03-10T13:41:09.582346+00:00,0.0,0.0
SC-Pairwise-Llama-8B-MRR,posthoc-sc,SC pairwise Llama-3.1-8B-Instruct MRR,0.1,0.7778,0.4211,0.4514,-0.0826,0.6503,0.0359,0.8234,38,20,18,2026-03-10T13:41:10.024029+00:00,0.0,0.0
SC-Pairwise-Llama-8B-Majority@k,posthoc-sc,SC pairwise Llama-3.1-8B-Instruct Majority@k,0.1,0.5,0.2895,0.4444,-0.1526,0.4845,-0.0115,0.9432,38,20,18,2026-03-10T13:41:10.479389+00:00,0.0,0.0
SC-Setwise-Llama-8B-DCG,posthoc-sc,SC setwise Llama-3.1-8B-Instruct DCG,0.65,0.5556,0.6053,0.6639,0.2911,0.0899,0.4177,0.0066,38,20,18,2026-03-10T13:41:10.800694+00:00,0.0,0.0
SC-Setwise-Llama-8B-MRR,posthoc-sc,SC setwise Llama-3.1-8B-Instruct MRR,0.65,0.6111,0.6316,0.6722,0.3038,0.0759,0.431,0.0049,38,20,18,2026-03-10T13:41:11.176166+00:00,0.0,0.0
SC-Setwise-Llama-8B-Majority@k,posthoc-sc,SC setwise Llama-3.1-8B-Instruct Majority@k,0.65,0.5556,0.6053,0.6972,0.3677,0.035,0.4669,0.0021,38,20,18,2026-03-10T13:41:11.622697+00:00,0.0,0.0
SC-Pairwise-Mistral-7B-DCG,posthoc-sc,SC pairwise Mistral-7B-Instruct-v0.3 DCG,0.1,0.7778,0.4211,0.4389,-0.1039,0.5634,0.0136,0.9327,38,20,18,2026-03-10T13:41:12.054541+00:00,0.0,0.0
SC-Pairwise-Mistral-7B-MRR,posthoc-sc,SC pairwise Mistral-7B-Instruct-v0.3 MRR,0.1,0.7778,0.4211,0.4514,-0.0826,0.6503,0.0359,0.8234,38,20,18,2026-03-10T13:41:12.484431+00:00,0.0,0.0
SC-Pairwise-Mistral-7B-Majority@k,posthoc-sc,SC pairwise Mistral-7B-Instruct-v0.3 Majority@k,0.1,0.5,0.2895,0.4444,-0.1526,0.4845,-0.0115,0.9432,38,20,18,2026-03-10T13:41:12.837778+00:00,0.0,0.0
SC-Setwise-Mistral-7B-DCG,posthoc-sc,SC setwise Mistral-7B-Instruct-v0.3 DCG,0.7,0.7222,0.7105,0.7889,0.5232,0.003,0.5438,0.0002,38,20,18,2026-03-10T13:41:13.174723+00:00,0.0,0.0
SC-Setwise-Mistral-7B-MRR,posthoc-sc,SC setwise Mistral-7B-Instruct-v0.3 MRR,0.7,0.7222,0.7105,0.7944,0.5527,0.002,0.5665,0.0001,38,20,18,2026-03-10T13:41:13.467100+00:00,0.0,0.0
SC-Setwise-Mistral-7B-Majority@k,posthoc-sc,SC setwise Mistral-7B-Instruct-v0.3 Majority@k,0.6,0.7222,0.6579,0.7889,0.5325,0.002,0.6017,0.0,38,20,18,2026-03-10T13:41:13.768740+00:00,0.0,0.0
SC-Setwise-Qwen3-14B-Think-DCG,posthoc-sc,SC setwise Qwen3-14B DCG,0.55,0.7222,0.6316,0.7722,0.4768,0.007,0.4585,0.0026,38,20,18,2026-03-10T13:41:14.078259+00:00,0.0,0.0
SC-Setwise-Qwen3-14B-Think-MRR,posthoc-sc,SC setwise Qwen3-14B MRR,0.55,0.7222,0.6316,0.7833,0.4979,0.004,0.4867,0.0013,38,20,18,2026-03-10T13:41:14.412694+00:00,0.0,0.0
SC-Setwise-Qwen3-14B-Think-Majority@k,posthoc-sc,SC setwise Qwen3-14B Majority@k,0.6,0.6667,0.6316,0.7903,0.5398,0.004,0.5468,0.0002,38,20,18,2026-03-10T13:41:14.727612+00:00,0.0,0.0
Setwise-Llama-70B-DCG,posthoc,Llama-3.3-70B setwise DCG,0.55,0.7778,0.6579,0.65,0.2743,0.1129,0.3626,0.0198,38,20,18,2026-03-10T13:41:15.105911+00:00,0.0,0.0
Setwise-Llama-70B-MRR,posthoc,Llama-3.3-70B setwise MRR,0.5,0.7778,0.6316,0.6528,0.2785,0.1069,0.3688,0.0176,38,20,18,2026-03-10T13:41:15.433970+00:00,0.0,0.0
Setwise-Llama-70B-Majority@k,posthoc,Llama-3.3-70B setwise Majority@k,0.45,0.5556,0.5,0.6833,0.4087,0.034,0.3788,0.0146,38,20,18,2026-03-10T13:41:15.745159+00:00,0.0,0.0
Pairwise-Llama-70B-DCG,posthoc,Llama-3.3-70B pairwise DCG,0.55,0.8333,0.6842,0.6944,0.3586,0.041,0.3923,0.0112,38,20,18,2026-03-10T13:41:16.054725+00:00,0.0,0.0
Pairwise-Llama-70B-MRR,posthoc,Llama-3.3-70B pairwise MRR,0.55,0.8333,0.6842,0.6944,0.3713,0.03,0.4038,0.0088,38,20,18,2026-03-10T13:41:16.448873+00:00,0.0,0.0
Pairwise-Llama-70B-Majority@k,posthoc,Llama-3.3-70B pairwise Majority@k,0.4,0.5556,0.4737,0.7014,0.4278,0.037,0.467,0.0021,38,20,18,2026-03-10T13:41:16.741535+00:00,0.0,0.0
SC-Pairwise-Qwen3-14B-DCG,posthoc-sc,SC pairwise Qwen3-14B DCG,0.1,0.7778,0.4211,0.4389,-0.1039,0.5634,0.0136,0.9327,38,20,18,2026-03-10T13:41:17.090123+00:00,0.0,0.0
SC-Pairwise-Qwen3-14B-MRR,posthoc-sc,SC pairwise Qwen3-14B MRR,0.1,0.7778,0.4211,0.4514,-0.0826,0.6503,0.0359,0.8234,38,20,18,2026-03-10T13:41:17.405523+00:00,0.0,0.0
SC-Pairwise-Qwen3-14B-Majority@k,posthoc-sc,SC pairwise Qwen3-14B Majority@k,0.1,0.5,0.2895,0.4444,-0.1526,0.4845,-0.0115,0.9432,38,20,18,2026-03-10T13:41:17.746048+00:00,0.0,0.0
SC-Pairwise-RankZephyr-7B-DCG,posthoc-sc,SC pairwise rank_zephyr_7b_v1_full DCG,0.1,0.7778,0.4211,0.4389,-0.1039,0.5634,0.0136,0.9327,38,20,18,2026-03-10T13:41:18.065272+00:00,0.0,0.0
SC-Pairwise-RankZephyr-7B-MRR,posthoc-sc,SC pairwise rank_zephyr_7b_v1_full MRR,0.1,0.7778,0.4211,0.4514,-0.0826,0.6503,0.0359,0.8234,38,20,18,2026-03-10T13:41:18.357934+00:00,0.0,0.0
SC-Pairwise-RankZephyr-7B-Majority@k,posthoc-sc,SC pairwise rank_zephyr_7b_v1_full Majority@k,0.1,0.5,0.2895,0.4444,-0.1526,0.4845,-0.0115,0.9432,38,20,18,2026-03-10T13:41:18.703040+00:00,0.0,0.0
SC-Setwise-RankZephyr-7B-DCG,posthoc-sc,SC setwise rank_zephyr_7b_v1_full DCG,0.1,0.7778,0.4211,0.4389,-0.1039,0.5634,0.0136,0.9327,38,20,18,2026-03-10T13:41:19.015384+00:00,0.0,0.0
SC-Setwise-RankZephyr-7B-MRR,posthoc-sc,SC setwise rank_zephyr_7b_v1_full MRR,0.1,0.7778,0.4211,0.4514,-0.0826,0.6503,0.0359,0.8234,38,20,18,2026-03-10T13:41:19.314913+00:00,0.0,0.0
SC-Setwise-RankZephyr-7B-Majority@k,posthoc-sc,SC setwise rank_zephyr_7b_v1_full Majority@k,0.1,0.5,0.2895,0.4444,-0.1526,0.4845,-0.0115,0.9432,38,20,18,2026-03-10T13:41:19.626432+00:00,0.0,0.0
SC-Setwise-Llama-70B-DCG,posthoc-sc,SC Llama-3.3-70B setwise DCG,0.55,0.7778,0.6579,0.6667,0.3038,0.0829,0.3984,0.0099,38,20,18,2026-03-10T13:41:19.923847+00:00,0.0,0.0
SC-Setwise-Llama-70B-MRR,posthoc-sc,SC Llama-3.3-70B setwise MRR,0.5,0.7778,0.6316,0.6806,0.3249,0.0609,0.4206,0.0062,38,20,18,2026-03-10T13:41:20.263117+00:00,0.0,0.0
SC-Setwise-Llama-70B-Majority@k,posthoc-sc,SC Llama-3.3-70B setwise Majority@k,0.5,0.5556,0.5263,0.7014,0.445,0.02,0.41,0.0078,38,20,18,2026-03-10T13:41:20.565750+00:00,0.0,0.0
SC-Pairwise-Llama-70B-DCG,posthoc-sc,SC Llama-3.3-70B pairwise DCG,0.55,0.7778,0.6579,0.6833,0.3376,0.0559,0.3975,0.0101,38,20,18,2026-03-10T13:41:20.870212+00:00,0.0,0.0
SC-Pairwise-Llama-70B-MRR,posthoc-sc,SC Llama-3.3-70B pairwise MRR,0.55,0.8333,0.6842,0.6917,0.3502,0.045,0.4246,0.0057,38,20,18,2026-03-10T13:41:21.187890+00:00,0.0,0.0
SC-Pairwise-Llama-70B-Majority@k,posthoc-sc,SC Llama-3.3-70B pairwise Majority@k,0.5,0.6111,0.5526,0.7125,0.4246,0.027,0.4754,0.0017,38,20,18,2026-03-10T13:41:21.519016+00:00,0.0,0.0
Pairwise-Mistral-24B-DCG,posthoc,pairwise Mistral-Small-3.1-24B-Instruct-2503 DCG,0.1,0.7778,0.4211,0.4389,-0.1039,0.5634,0.0136,0.9327,38,20,18,2026-03-10T13:41:21.849005+00:00,0.0,0.0
Pairwise-Mistral-24B-MRR,posthoc,pairwise Mistral-Small-3.1-24B-Instruct-2503 MRR,0.1,0.7778,0.4211,0.4514,-0.0826,0.6503,0.0359,0.8234,38,20,18,2026-03-10T13:41:22.159616+00:00,0.0,0.0
Pairwise-Mistral-24B-Majority@k,posthoc,pairwise Mistral-Small-3.1-24B-Instruct-2503 Majority@k,0.1,0.5,0.2895,0.4444,-0.1526,0.4845,-0.0115,0.9432,38,20,18,2026-03-10T13:41:22.458918+00:00,0.0,0.0
Setwise-Mistral-24B-DCG,posthoc,setwise Mistral-Small-3.1-24B-Instruct-2503 DCG,0.75,0.6667,0.7105,0.7861,0.481,0.002,0.4883,0.0012,38,20,18,2026-03-10T13:41:22.760520+00:00,0.0,0.0
Setwise-Mistral-24B-MRR,posthoc,setwise Mistral-Small-3.1-24B-Instruct-2503 MRR,0.75,0.6667,0.7105,0.7833,0.4937,0.002,0.4941,0.001,38,20,18,2026-03-10T13:41:23.083338+00:00,0.0,0.0
Setwise-Mistral-24B-Majority@k,posthoc,setwise Mistral-Small-3.1-24B-Instruct-2503 Majority@k,0.65,0.5,0.5789,0.7639,0.554,0.003,0.5803,0.0001,38,20,18,2026-03-10T13:41:23.408450+00:00,0.0,0.0
SC-Pairwise-Mistral-24B-DCG,posthoc-sc,SC pairwise Mistral-Small-3.1-24B-Instruct-2503 DCG,0.1,0.7778,0.4211,0.4389,-0.1039,0.5634,0.0136,0.9327,38,20,18,2026-03-10T13:41:23.738612+00:00,0.0,0.0
SC-Pairwise-Mistral-24B-MRR,posthoc-sc,SC pairwise Mistral-Small-3.1-24B-Instruct-2503 MRR,0.1,0.7778,0.4211,0.4514,-0.0826,0.6503,0.0359,0.8234,38,20,18,2026-03-10T13:41:24.053600+00:00,0.0,0.0
SC-Pairwise-Mistral-24B-Majority@k,posthoc-sc,SC pairwise Mistral-Small-3.1-24B-Instruct-2503 Majority@k,0.1,0.5,0.2895,0.4444,-0.1526,0.4845,-0.0115,0.9432,38,20,18,2026-03-10T13:41:24.366016+00:00,0.0,0.0
SC-Setwise-Mistral-24B-DCG,posthoc-sc,SC setwise Mistral-Small-3.1-24B-Instruct-2503 DCG,0.75,0.6111,0.6842,0.8,0.5148,0.002,0.5324,0.0003,38,20,18,2026-03-10T13:41:24.672547+00:00,0.0,0.0
SC-Setwise-Mistral-24B-MRR,posthoc-sc,SC setwise Mistral-Small-3.1-24B-Instruct-2503 MRR,0.75,0.6111,0.6842,0.8056,0.5274,0.002,0.5499,0.0002,38,20,18,2026-03-10T13:41:24.978902+00:00,0.0,0.0
SC-Setwise-Mistral-24B-Majority@k,posthoc-sc,SC setwise Mistral-Small-3.1-24B-Instruct-2503 Majority@k,0.8,0.6667,0.7368,0.8028,0.5767,0.002,0.562,0.0001,38,20,18,2026-03-10T13:41:25.291868+00:00,0.0,0.0
